classification	path	replacement_or_authority	fact_state	notes
CURRENT_OPERATIONAL	docs/README-ZH.md	docs/documentation/documentation-index.md	CURRENT	supporting current documentation
CURRENT_OPERATIONAL	docs/README.md	docs/documentation/documentation-index.md	CURRENT	supporting current documentation
CURRENT_OPERATIONAL	docs/SECURITY_HEADERS.md	docs/documentation/documentation-index.md	CURRENT	supporting current documentation
CURRENT_OPERATIONAL	docs/advanced-effects-pipeline.md	docs/documentation/documentation-index.md	CURRENT	supporting current documentation
CURRENT_OPERATIONAL	docs/agent/agent-api-loop-contract.md	docs/documentation/documentation-index.md	CURRENT	supporting current documentation
CURRENT_OPERATIONAL	docs/agent/product-agent-workflow-contract.md	docs/documentation/documentation-index.md	CURRENT	supporting current documentation
CURRENT_OPERATIONAL	docs/agent/schemas/product-agent-workflow-input.schema.json	docs/documentation/documentation-index.md	CURRENT	supporting current documentation
CURRENT_OPERATIONAL	docs/agent/schemas/product-agent-workflow-result.schema.json	docs/documentation/documentation-index.md	CURRENT	supporting current documentation
CURRENT_OPERATIONAL	docs/agents/controlled-agent-development-guide.md	docs/documentation/documentation-index.md	CURRENT	supporting current documentation
CURRENT_OPERATIONAL	docs/ai-engine-spi.md	docs/documentation/documentation-index.md	CURRENT	supporting current documentation
CURRENT_NORMATIVE	docs/api/01-api-strategy.md	docs/architecture/current/architecture-entrypoint.md	CURRENT	current normative architecture/contract material
CURRENT_NORMATIVE	docs/api/02-openapi.md	docs/architecture/current/architecture-entrypoint.md	CURRENT	current normative architecture/contract material
CURRENT_NORMATIVE	docs/api/03-graphql.md	docs/architecture/current/architecture-entrypoint.md	CURRENT	current normative architecture/contract material
CURRENT_NORMATIVE	docs/api/api-productization-roadmap.md	docs/architecture/current/architecture-entrypoint.md	CURRENT	current normative architecture/contract material
CURRENT_NORMATIVE	docs/api/backend-api-contract-stability-audit.md	docs/architecture/current/architecture-entrypoint.md	CURRENT	current normative architecture/contract material
CURRENT_NORMATIVE	docs/api/backend-api-response-invariance-tests.md	docs/architecture/current/architecture-entrypoint.md	CURRENT	current normative architecture/contract material
CURRENT_NORMATIVE	docs/api/backend-contract-stabilization.md	docs/architecture/current/architecture-entrypoint.md	CURRENT	current normative architecture/contract material
CURRENT_NORMATIVE	docs/api/openapi-authority.md	docs/architecture/current/architecture-entrypoint.md	CURRENT	current normative architecture/contract material
GENERATED_DERIVED	docs/api/openapi-preview-current.json	docs/api/openapi-authority.md	GENERATED	generated artifact
CURRENT_NORMATIVE	docs/api/preview-render-contract.md	docs/architecture/current/architecture-entrypoint.md	CURRENT	current normative architecture/contract material
CURRENT_NORMATIVE	docs/api/public-api-capability-matrix.md	docs/architecture/current/architecture-entrypoint.md	CURRENT	current normative architecture/contract material
CURRENT_NORMATIVE	docs/api/public-api-job-model.md	docs/architecture/current/architecture-entrypoint.md	CURRENT	current normative architecture/contract material
CURRENT_NORMATIVE	docs/api/public-api-security.md	docs/architecture/current/architecture-entrypoint.md	CURRENT	current normative architecture/contract material
CURRENT_NORMATIVE	docs/api/public-capability-api.md	docs/architecture/current/architecture-entrypoint.md	CURRENT	current normative architecture/contract material
CURRENT_NORMATIVE	docs/api/subtitle-render-api-mvp.md	docs/architecture/current/architecture-entrypoint.md	CURRENT	current normative architecture/contract material
CURRENT_OPERATIONAL	docs/api-versioning.md	docs/documentation/documentation-index.md	CURRENT	supporting current documentation
CURRENT_NORMATIVE	docs/architecture/01-system-architecture.md	docs/architecture/current/architecture-entrypoint.md	CURRENT	architecture support; verify fact-state labels
CURRENT_NORMATIVE	docs/architecture/02-backend-architecture.md	docs/architecture/current/architecture-entrypoint.md	CURRENT	architecture support; verify fact-state labels
CURRENT_NORMATIVE	docs/architecture/03-module-architecture.md	docs/architecture/current/architecture-entrypoint.md	CURRENT	architecture support; verify fact-state labels
CURRENT_NORMATIVE	docs/architecture/04-frontend-architecture.md	docs/architecture/current/architecture-entrypoint.md	CURRENT	architecture support; verify fact-state labels
CURRENT_NORMATIVE	docs/architecture/05-request-flows.md	docs/architecture/current/architecture-entrypoint.md	CURRENT	architecture support; verify fact-state labels
CURRENT_NORMATIVE	docs/architecture/06-data-architecture.md	docs/architecture/current/architecture-entrypoint.md	CURRENT	architecture support; verify fact-state labels
CURRENT_NORMATIVE	docs/architecture/07-architecture-decisions.md	docs/architecture/current/architecture-entrypoint.md	CURRENT	architecture support; verify fact-state labels
CURRENT_NORMATIVE	docs/architecture/08-deployment-architecture.md	docs/architecture/current/architecture-entrypoint.md	CURRENT	architecture support; verify fact-state labels
CURRENT_NORMATIVE	docs/architecture/README.md	docs/architecture/current/architecture-entrypoint.md	CURRENT	architecture support; verify fact-state labels
CURRENT_NORMATIVE	docs/architecture/adr/ADR-005-extension-decision-guide.md	docs/architecture/current/architecture-entrypoint.md	CURRENT	current normative architecture/contract material
CURRENT_NORMATIVE	docs/architecture/adr/ADR-006-bmf-integration.md	docs/architecture/current/architecture-entrypoint.md	CURRENT	current normative architecture/contract material
CURRENT_NORMATIVE	docs/architecture/adr/ADR-007-execution-planner.md	docs/architecture/current/architecture-entrypoint.md	CURRENT	current normative architecture/contract material
CURRENT_NORMATIVE	docs/architecture/adr/ADR-008-creative-planner-timeline-authoring.md	docs/architecture/current/architecture-entrypoint.md	CURRENT	current normative architecture/contract material
CURRENT_NORMATIVE	docs/architecture/adr/ADR-009-artifact-runtime.md	docs/architecture/current/architecture-entrypoint.md	CURRENT	current normative architecture/contract material
CURRENT_NORMATIVE	docs/architecture/adr/ADR-010-product-runtime-postgresql-modeling.md	docs/architecture/current/architecture-entrypoint.md	CURRENT	current normative architecture/contract material
CURRENT_NORMATIVE	docs/architecture/adr/ADR-011-storage-runtime.md	docs/architecture/current/architecture-entrypoint.md	CURRENT	current normative architecture/contract material
CURRENT_NORMATIVE	docs/architecture/adr/ADR-012-producer-runtime.md	docs/architecture/current/architecture-entrypoint.md	CURRENT	current normative architecture/contract material
CURRENT_NORMATIVE	docs/architecture/adr/ADR-013-platform-kernel-baseline.md	docs/architecture/current/architecture-entrypoint.md	CURRENT	current normative architecture/contract material
CURRENT_NORMATIVE	docs/architecture/adr/ADR-014-execution-environment.md	docs/architecture/current/architecture-entrypoint.md	CURRENT	current normative architecture/contract material
CURRENT_NORMATIVE	docs/architecture/adr/ADR-015-environment-spi.md	docs/architecture/current/architecture-entrypoint.md	CURRENT	current normative architecture/contract material
CURRENT_NORMATIVE	docs/architecture/adr/ADR-016-execution-job-model.md	docs/architecture/current/architecture-entrypoint.md	CURRENT	current normative architecture/contract material
CURRENT_NORMATIVE	docs/architecture/adr/ADR-016b-execution-lifecycle.md	docs/architecture/current/architecture-entrypoint.md	CURRENT	current normative architecture/contract material
CURRENT_NORMATIVE	docs/architecture/adr/ADR-017-execution-control-plane.md	docs/architecture/current/architecture-entrypoint.md	CURRENT	current normative architecture/contract material
CURRENT_NORMATIVE	docs/architecture/adr/ADR-018-platform-governance.md	docs/architecture/current/architecture-entrypoint.md	CURRENT	current normative architecture/contract material
CURRENT_NORMATIVE	docs/architecture/adr/ADR-019-unified-component-descriptor.md	docs/architecture/current/architecture-entrypoint.md	CURRENT	current normative architecture/contract material
CURRENT_NORMATIVE	docs/architecture/adr/ADR-020-public-capability-architecture.md	docs/architecture/current/architecture-entrypoint.md	CURRENT	current normative architecture/contract material
CURRENT_NORMATIVE	docs/architecture/adr/ADR-021-capability-composition.md	docs/architecture/current/architecture-entrypoint.md	CURRENT	current normative architecture/contract material
CURRENT_NORMATIVE	docs/architecture/adr/ADR-022-general-template-system-workflow-plugin.md	docs/architecture/current/architecture-entrypoint.md	CURRENT	current normative architecture/contract material
CURRENT_NORMATIVE	docs/architecture/adr/ADR-023-declarative-plugin-package-manifest.md	docs/architecture/current/architecture-entrypoint.md	CURRENT	current normative architecture/contract material
CURRENT_NORMATIVE	docs/architecture/adr/ADR-024-constrained-render-dag-and-timeline-operations.md	docs/architecture/current/architecture-entrypoint.md	CURRENT	current normative architecture/contract material
CURRENT_NORMATIVE	docs/architecture/adr/ADR-025-artifact-dag-indefinite-deferral.md	docs/architecture/current/architecture-entrypoint.md	CURRENT	current normative architecture/contract material
CURRENT_NORMATIVE	docs/architecture/adr/ADR-026-render-output-commit-protocol.md	docs/architecture/current/architecture-entrypoint.md	CURRENT	current normative architecture/contract material
ARCHIVED	docs/architecture/archive/README.md	docs/architecture/current/architecture-entrypoint.md	HISTORICAL	retained historical material
CURRENT_NORMATIVE	docs/architecture/artifact-runtime.md	docs/architecture/current/architecture-entrypoint.md	CURRENT	architecture support; verify fact-state labels
CURRENT_NORMATIVE	docs/architecture/backend-first-stabilization-plan.md	docs/architecture/current/architecture-entrypoint.md	CURRENT	architecture support; verify fact-state labels
CURRENT_NORMATIVE	docs/architecture/blueprint/asset-ecosystem-blueprint.md	docs/architecture/current/architecture-entrypoint.md	CURRENT	current normative architecture/contract material
CURRENT_NORMATIVE	docs/architecture/blueprint/asset-ingestion-blueprint.md	docs/architecture/current/architecture-entrypoint.md	CURRENT	current normative architecture/contract material
CURRENT_NORMATIVE	docs/architecture/blueprint/capability-opening-blueprint.md	docs/architecture/current/architecture-entrypoint.md	CURRENT	current normative architecture/contract material
CURRENT_NORMATIVE	docs/architecture/blueprint/domain-event-outbox-blueprint.md	docs/architecture/current/architecture-entrypoint.md	CURRENT	current normative architecture/contract material
CURRENT_NORMATIVE	docs/architecture/blueprint/external-channel-extension-model.md	docs/architecture/current/architecture-entrypoint.md	CURRENT	current normative architecture/contract material
CURRENT_NORMATIVE	docs/architecture/blueprint/module-blueprint-ai-provider.md	docs/architecture/current/architecture-entrypoint.md	CURRENT	current normative architecture/contract material
CURRENT_NORMATIVE	docs/architecture/blueprint/module-blueprint-artifact-storage.md	docs/architecture/current/architecture-entrypoint.md	CURRENT	current normative architecture/contract material
CURRENT_NORMATIVE	docs/architecture/blueprint/module-blueprint-automation-plugin.md	docs/architecture/current/architecture-entrypoint.md	CURRENT	current normative architecture/contract material
CURRENT_NORMATIVE	docs/architecture/blueprint/module-blueprint-observability.md	docs/architecture/current/architecture-entrypoint.md	CURRENT	current normative architecture/contract material
CURRENT_NORMATIVE	docs/architecture/blueprint/module-blueprint-render.md	docs/architecture/current/architecture-entrypoint.md	CURRENT	current normative architecture/contract material
CURRENT_NORMATIVE	docs/architecture/blueprint/module-blueprint-security-identity.md	docs/architecture/current/architecture-entrypoint.md	CURRENT	current normative architecture/contract material
CURRENT_NORMATIVE	docs/architecture/blueprint/open-source-capability-extension-blueprint.md	docs/architecture/current/architecture-entrypoint.md	CURRENT	current normative architecture/contract material
CURRENT_NORMATIVE	docs/architecture/blueprint/otio-render-platform-blueprint.md	docs/architecture/current/architecture-entrypoint.md	CURRENT	current normative architecture/contract material
CURRENT_NORMATIVE	docs/architecture/blueprint/platform-composition-blueprint.md	docs/architecture/current/architecture-entrypoint.md	CURRENT	current normative architecture/contract material
CURRENT_NORMATIVE	docs/architecture/blueprint/platform-coordination-blueprint.md	docs/architecture/current/architecture-entrypoint.md	CURRENT	current normative architecture/contract material
CURRENT_NORMATIVE	docs/architecture/blueprint/reference-architecture-map.md	docs/architecture/current/architecture-entrypoint.md	CURRENT	current normative architecture/contract material
CURRENT_NORMATIVE	docs/architecture/blueprint/system-blueprint.md	docs/architecture/current/architecture-entrypoint.md	CURRENT	current normative architecture/contract material
CURRENT_NORMATIVE	docs/architecture/blueprint/timeline-git-blueprint.md	docs/architecture/current/architecture-entrypoint.md	CURRENT	current normative architecture/contract material
CURRENT_NORMATIVE	docs/architecture/blueprint/timeline-git-productization-blueprint.md	docs/architecture/current/architecture-entrypoint.md	CURRENT	current normative architecture/contract material
CURRENT_NORMATIVE	docs/architecture/bmf-integration.md	docs/architecture/current/architecture-entrypoint.md	CURRENT	architecture support; verify fact-state labels
CURRENT_NORMATIVE	docs/architecture/component-descriptor.md	docs/architecture/current/architecture-entrypoint.md	CURRENT	architecture support; verify fact-state labels
CURRENT_NORMATIVE	docs/architecture/core-editing-rendering-architecture.md	docs/architecture/current/architecture-entrypoint.md	CURRENT	architecture support; verify fact-state labels
CURRENT_NORMATIVE	docs/architecture/creative-planner.md	docs/architecture/current/architecture-entrypoint.md	CURRENT	architecture support; verify fact-state labels
CURRENT_NORMATIVE	docs/architecture/current/architecture-assertions.md	docs/architecture/current/architecture-entrypoint.md	CURRENT	current normative architecture/contract material
CURRENT_NORMATIVE	docs/architecture/current/architecture-drift-guard.md	docs/architecture/current/architecture-entrypoint.md	CURRENT	current normative architecture/contract material
CURRENT_NORMATIVE	docs/architecture/current/architecture-entrypoint.md	docs/architecture/current/architecture-entrypoint.md	CURRENT	current normative architecture/contract material
CURRENT_NORMATIVE	docs/architecture/current/backend-api-contract-stability-audit.md	docs/architecture/current/architecture-entrypoint.md	CURRENT	current normative architecture/contract material
CURRENT_NORMATIVE	docs/architecture/current/current-known-gaps.md	docs/architecture/current/architecture-entrypoint.md	CURRENT	current normative architecture/contract material
CURRENT_NORMATIVE	docs/architecture/current/current-module-status.md	docs/architecture/current/architecture-entrypoint.md	CURRENT	current normative architecture/contract material
CURRENT_NORMATIVE	docs/architecture/current/current-startup-profiles.md	docs/architecture/current/architecture-entrypoint.md	CURRENT	current normative architecture/contract material
CURRENT_NORMATIVE	docs/architecture/current/current-system-state.md	docs/architecture/current/architecture-entrypoint.md	CURRENT	current normative architecture/contract material
CURRENT_NORMATIVE	docs/architecture/current/current-timeline-git-status.md	docs/architecture/current/architecture-entrypoint.md	CURRENT	current normative architecture/contract material
CURRENT_NORMATIVE	docs/architecture/current/platform-preview-closeout.md	docs/architecture/current/architecture-entrypoint.md	CURRENT	current normative architecture/contract material
CURRENT_NORMATIVE	docs/architecture/current/render-output-commit-current-state.md	docs/architecture/current/architecture-entrypoint.md	CURRENT	current normative architecture/contract material
CURRENT_NORMATIVE	docs/architecture/current/storage-docs-reality-check.md	docs/architecture/current/architecture-entrypoint.md	CURRENT	current normative architecture/contract material
CURRENT_NORMATIVE	docs/architecture/declarative-plugin-sandbox.md	docs/architecture/current/architecture-entrypoint.md	CURRENT	architecture support; verify fact-state labels
CURRENT_NORMATIVE	docs/architecture/dependency-injection-policy.md	docs/architecture/current/architecture-entrypoint.md	CURRENT	architecture support; verify fact-state labels
CURRENT_NORMATIVE	docs/architecture/environment-spi.md	docs/architecture/current/architecture-entrypoint.md	CURRENT	architecture support; verify fact-state labels
CURRENT_NORMATIVE	docs/architecture/eventing/event-contract.md	docs/architecture/current/architecture-entrypoint.md	CURRENT	architecture support; verify fact-state labels
CURRENT_NORMATIVE	docs/architecture/eventing/event-subscription-model.md	docs/architecture/current/architecture-entrypoint.md	CURRENT	architecture support; verify fact-state labels
CURRENT_NORMATIVE	docs/architecture/eventing/event-subscription-spi.md	docs/architecture/current/architecture-entrypoint.md	CURRENT	architecture support; verify fact-state labels
CURRENT_NORMATIVE	docs/architecture/eventing/outbox-boundary-review.md	docs/architecture/current/architecture-entrypoint.md	CURRENT	architecture support; verify fact-state labels
CURRENT_NORMATIVE	docs/architecture/eventing/outbox-module-separation.md	docs/architecture/current/architecture-entrypoint.md	CURRENT	architecture support; verify fact-state labels
CURRENT_NORMATIVE	docs/architecture/eventing/outbox-relay-spi.md	docs/architecture/current/architecture-entrypoint.md	CURRENT	architecture support; verify fact-state labels
CURRENT_NORMATIVE	docs/architecture/execution-control-plane.md	docs/architecture/current/architecture-entrypoint.md	CURRENT	architecture support; verify fact-state labels
CURRENT_NORMATIVE	docs/architecture/execution-environment.md	docs/architecture/current/architecture-entrypoint.md	CURRENT	architecture support; verify fact-state labels
CURRENT_NORMATIVE	docs/architecture/execution-job-model.md	docs/architecture/current/architecture-entrypoint.md	CURRENT	architecture support; verify fact-state labels
CURRENT_NORMATIVE	docs/architecture/execution-lifecycle.md	docs/architecture/current/architecture-entrypoint.md	CURRENT	architecture support; verify fact-state labels
CURRENT_NORMATIVE	docs/architecture/execution-planner.md	docs/architecture/current/architecture-entrypoint.md	CURRENT	architecture support; verify fact-state labels
CURRENT_NORMATIVE	docs/architecture/extension-decision-guide.md	docs/architecture/current/architecture-entrypoint.md	CURRENT	architecture support; verify fact-state labels
CURRENT_NORMATIVE	docs/architecture/general-template-system.md	docs/architecture/current/architecture-entrypoint.md	CURRENT	architecture support; verify fact-state labels
CURRENT_NORMATIVE	docs/architecture/governance/FRONTEND_FINAL_TWO_DEFECT_CORRECTION_CHANGE_LEDGER.tsv	docs/architecture/current/architecture-entrypoint.md	CURRENT	current normative architecture/contract material
CURRENT_NORMATIVE	docs/architecture/governance/adr-registry.tsv	docs/architecture/current/architecture-entrypoint.md	CURRENT	current normative architecture/contract material
CURRENT_NORMATIVE	docs/architecture/governance/architecture-document-inventory.tsv	docs/architecture/current/architecture-entrypoint.md	CURRENT	current normative architecture/contract material
CURRENT_NORMATIVE	docs/architecture/governance/automated-guards/ARCH-DOC-GOV-AUTOMATED-GUARDS.6.md	docs/architecture/current/architecture-entrypoint.md	CURRENT	current normative architecture/contract material
CURRENT_NORMATIVE	docs/architecture/governance/automated-guards/automated-guard-test-matrix.json	docs/architecture/current/architecture-entrypoint.md	CURRENT	current normative architecture/contract material
CURRENT_NORMATIVE	docs/architecture/governance/automated-guards/automated-guards-phase-handoff.md	docs/architecture/current/architecture-entrypoint.md	CURRENT	current normative architecture/contract material
CURRENT_NORMATIVE	docs/architecture/governance/automated-guards/automated-guards-scope-manifest.txt	docs/architecture/current/architecture-entrypoint.md	CURRENT	current normative architecture/contract material
CURRENT_NORMATIVE	docs/architecture/governance/automated-guards/broken-link-debt-baseline.json	docs/architecture/current/architecture-entrypoint.md	CURRENT	current normative architecture/contract material
CURRENT_NORMATIVE	docs/architecture/governance/automated-guards/document-governance-guard-catalog.json	docs/architecture/current/architecture-entrypoint.md	CURRENT	current normative architecture/contract material
CURRENT_NORMATIVE	docs/architecture/governance/automated-guards/document-governance-guard-config.json	docs/architecture/current/architecture-entrypoint.md	CURRENT	current normative architecture/contract material
CURRENT_NORMATIVE	docs/architecture/governance/automated-guards/document-governance-guard-policy.md	docs/architecture/current/architecture-entrypoint.md	CURRENT	current normative architecture/contract material
CURRENT_NORMATIVE	docs/architecture/governance/automated-guards/governance-receipt.schema.json	docs/architecture/current/architecture-entrypoint.md	CURRENT	current normative architecture/contract material
CURRENT_NORMATIVE	docs/architecture/governance/automated-guards/guard-exceptions-register.json	docs/architecture/current/architecture-entrypoint.md	CURRENT	current normative architecture/contract material
CURRENT_NORMATIVE	docs/architecture/governance/automated-guards/phase17-sandbox-conformance-tests.tsv	docs/architecture/current/architecture-entrypoint.md	CURRENT	current normative architecture/contract material
CURRENT_NORMATIVE	docs/architecture/governance/automated-guards/phase17-sandbox-isolation-clean-forward-ledger.tsv	docs/architecture/current/architecture-entrypoint.md	CURRENT	current normative architecture/contract material
CURRENT_NORMATIVE	docs/architecture/governance/automated-guards/protected-document-baseline.json	docs/architecture/current/architecture-entrypoint.md	CURRENT	current normative architecture/contract material
CURRENT_NORMATIVE	docs/architecture/governance/automated-guards/protected-governance-change-policy.md	docs/architecture/current/architecture-entrypoint.md	CURRENT	current normative architecture/contract material
CURRENT_NORMATIVE	docs/architecture/governance/automated-guards/receipt-review-verification-ordering-policy.md	docs/architecture/current/architecture-entrypoint.md	CURRENT	current normative architecture/contract material
CURRENT_NORMATIVE	docs/architecture/governance/billing-entitlement-payment-authority-convergence-bounded-architecture-contract-v1.md	docs/architecture/current/architecture-entrypoint.md	CURRENT	current normative architecture/contract material
CURRENT_NORMATIVE	docs/architecture/governance/billing-entitlement-payment-authority-convergence-repository-inventory-v1.json	docs/architecture/current/architecture-entrypoint.md	CURRENT	current normative architecture/contract material
CURRENT_NORMATIVE	docs/architecture/governance/canonical-contracts/ARCH-DOC-GOV-CANONICAL-CONTRACTS.3.md	docs/architecture/current/architecture-entrypoint.md	CURRENT	current normative architecture/contract material
CURRENT_NORMATIVE	docs/architecture/governance/canonical-contracts/api-contract.md	docs/architecture/current/architecture-entrypoint.md	CURRENT	current normative architecture/contract material
CURRENT_NORMATIVE	docs/architecture/governance/canonical-contracts/canonical-contract-gap-register.json	docs/architecture/current/architecture-entrypoint.md	CURRENT	current normative architecture/contract material
CURRENT_NORMATIVE	docs/architecture/governance/canonical-contracts/canonical-contract-phase-crosswalk.md	docs/architecture/current/architecture-entrypoint.md	CURRENT	current normative architecture/contract material
CURRENT_NORMATIVE	docs/architecture/governance/canonical-contracts/canonical-contract-registry.json	docs/architecture/current/architecture-entrypoint.md	CURRENT	current normative architecture/contract material
CURRENT_NORMATIVE	docs/architecture/governance/canonical-contracts/canonical-contract-scope-manifest.txt	docs/architecture/current/architecture-entrypoint.md	CURRENT	current normative architecture/contract material
CURRENT_NORMATIVE	docs/architecture/governance/canonical-contracts/canonical-to-executable-crosswalk.json	docs/architecture/current/architecture-entrypoint.md	CURRENT	current normative architecture/contract material
CURRENT_NORMATIVE	docs/architecture/governance/canonical-contracts/control-plane-governance-contract.md	docs/architecture/current/architecture-entrypoint.md	CURRENT	current normative architecture/contract material
CURRENT_NORMATIVE	docs/architecture/governance/canonical-contracts/execution-contract.md	docs/architecture/current/architecture-entrypoint.md	CURRENT	current normative architecture/contract material
CURRENT_NORMATIVE	docs/architecture/governance/canonical-contracts/normative-rule-registry.json	docs/architecture/current/architecture-entrypoint.md	CURRENT	current normative architecture/contract material
CURRENT_NORMATIVE	docs/architecture/governance/canonical-contracts/platform-kernel-contract.md	docs/architecture/current/architecture-entrypoint.md	CURRENT	current normative architecture/contract material
CURRENT_NORMATIVE	docs/architecture/governance/canonical-contracts/product-contract.md	docs/architecture/current/architecture-entrypoint.md	CURRENT	current normative architecture/contract material
CURRENT_NORMATIVE	docs/architecture/governance/canonical-contracts/provider-contract.md	docs/architecture/current/architecture-entrypoint.md	CURRENT	current normative architecture/contract material
CURRENT_NORMATIVE	docs/architecture/governance/canonical-contracts/render-job-contract.md	docs/architecture/current/architecture-entrypoint.md	CURRENT	current normative architecture/contract material
CURRENT_NORMATIVE	docs/architecture/governance/canonical-contracts/render-output-contract.md	docs/architecture/current/architecture-entrypoint.md	CURRENT	current normative architecture/contract material
CURRENT_NORMATIVE	docs/architecture/governance/canonical-contracts/schema-intent-contract.md	docs/architecture/current/architecture-entrypoint.md	CURRENT	current normative architecture/contract material
CURRENT_NORMATIVE	docs/architecture/governance/canonical-contracts/storage-contract.md	docs/architecture/current/architecture-entrypoint.md	CURRENT	current normative architecture/contract material
CURRENT_NORMATIVE	docs/architecture/governance/canonical-contracts/timeline-contract.md	docs/architecture/current/architecture-entrypoint.md	CURRENT	current normative architecture/contract material
CURRENT_NORMATIVE	docs/architecture/governance/cfrh-i1-final-mechanical-validator-closure.md	docs/architecture/current/architecture-entrypoint.md	CURRENT	current normative architecture/contract material
CURRENT_NORMATIVE	docs/architecture/governance/cfrh-i1-restore-response-semantics-correction.md	docs/architecture/current/architecture-entrypoint.md	CURRENT	current normative architecture/contract material
CURRENT_NORMATIVE	docs/architecture/governance/cfrh-i1-single-source-of-truth-evidence-correction.md	docs/architecture/current/architecture-entrypoint.md	CURRENT	current normative architecture/contract material
CURRENT_NORMATIVE	docs/architecture/governance/cfrh-i1-timeline-legacy-write-authority-closure.md	docs/architecture/current/architecture-entrypoint.md	CURRENT	current normative architecture/contract material
CURRENT_NORMATIVE	docs/architecture/governance/cfrh-i1-validator-evidence-honesty-correction.md	docs/architecture/current/architecture-entrypoint.md	CURRENT	current normative architecture/contract material
CURRENT_NORMATIVE	docs/architecture/governance/cfrh-i2-decision-recovery-publication.md	docs/architecture/current/architecture-entrypoint.md	CURRENT	current normative architecture/contract material
CURRENT_NORMATIVE	docs/architecture/governance/cfrh-i2-final-mechanical-evidence-closure.md	docs/architecture/current/architecture-entrypoint.md	CURRENT	current normative architecture/contract material
CURRENT_NORMATIVE	docs/architecture/governance/cfrh-i2-final-validator-exactness-closure.md	docs/architecture/current/architecture-entrypoint.md	CURRENT	current normative architecture/contract material
CURRENT_NORMATIVE	docs/architecture/governance/cfrh-i2-inventory-ownership-execution-contract-correction.md	docs/architecture/current/architecture-entrypoint.md	CURRENT	current normative architecture/contract material
CURRENT_NORMATIVE	docs/architecture/governance/cfrh-i2-legacy-read-surface-final-correction-publication.md	docs/architecture/current/architecture-entrypoint.md	CURRENT	current normative architecture/contract material
CURRENT_NORMATIVE	docs/architecture/governance/cfrh-i2-timeline-read-ownership-query-closure-decision-recovery.md	docs/architecture/current/architecture-entrypoint.md	CURRENT	current normative architecture/contract material
CURRENT_NORMATIVE	docs/architecture/governance/cfrh-i2-timeline-read-ownership-query-closure-publication.md	docs/architecture/current/architecture-entrypoint.md	CURRENT	current normative architecture/contract material
CURRENT_NORMATIVE	docs/architecture/governance/change-impact-driven-ci-governance-amendment-1-correction-1.md	docs/architecture/current/architecture-entrypoint.md	CURRENT	current normative architecture/contract material
CURRENT_NORMATIVE	docs/architecture/governance/change-impact-driven-ci-governance-amendment-1.md	docs/architecture/current/architecture-entrypoint.md	CURRENT	current normative architecture/contract material
CURRENT_NORMATIVE	docs/architecture/governance/checkpoint-a-combined-media-semantic-closure-correction-round4.md	docs/architecture/current/architecture-entrypoint.md	CURRENT	current normative architecture/contract material
CURRENT_NORMATIVE	docs/architecture/governance/checkpoint-a-combined-media-semantic-closure-correction-round5.md	docs/architecture/current/architecture-entrypoint.md	CURRENT	current normative architecture/contract material
CURRENT_NORMATIVE	docs/architecture/governance/checkpoint-a-combined-media-semantic-closure-correction.md	docs/architecture/current/architecture-entrypoint.md	CURRENT	current normative architecture/contract material
CURRENT_NORMATIVE	docs/architecture/governance/checkpoint-a-component-authority-matrix.md	docs/architecture/current/architecture-entrypoint.md	CURRENT	current normative architecture/contract material
CURRENT_NORMATIVE	docs/architecture/governance/checkpoint-a-independent-final-pass.md	docs/architecture/current/architecture-entrypoint.md	CURRENT	current normative architecture/contract material
CURRENT_NORMATIVE	docs/architecture/governance/checkpoint-a-post-final-review-bounded-closure.md	docs/architecture/current/architecture-entrypoint.md	CURRENT	current normative architecture/contract material
CURRENT_NORMATIVE	docs/architecture/governance/checkpoint-a-revision-write-surface-matrix.md	docs/architecture/current/architecture-entrypoint.md	CURRENT	current normative architecture/contract material
CURRENT_NORMATIVE	docs/architecture/governance/checkpoint-a-round5-post-fcv-final-closure.md	docs/architecture/current/architecture-entrypoint.md	CURRENT	current normative architecture/contract material
CURRENT_NORMATIVE	docs/architecture/governance/clean-forward-runtime-hardening-decision-recovery-boundary-correction-v1.md	docs/architecture/current/architecture-entrypoint.md	CURRENT	current normative architecture/contract material
CURRENT_NORMATIVE	docs/architecture/governance/clean-forward-runtime-hardening-decision-recovery-v1.md	docs/architecture/current/architecture-entrypoint.md	CURRENT	current normative architecture/contract material
CURRENT_NORMATIVE	docs/architecture/governance/clean-forward-runtime-hardening-i1-execution-contract-correction-v1.md	docs/architecture/current/architecture-entrypoint.md	CURRENT	current normative architecture/contract material
CURRENT_NORMATIVE	docs/architecture/governance/community-compute-and-distributed-runtime-foundation-amendment-1.md	docs/architecture/current/architecture-entrypoint.md	CURRENT	current normative architecture/contract material
CURRENT_NORMATIVE	docs/architecture/governance/control-plane-guards/ARCH-DOC-GOV-CONTROL-PLANE-GUARDS.6A.md	docs/architecture/current/architecture-entrypoint.md	CURRENT	current normative architecture/contract material
CURRENT_NORMATIVE	docs/architecture/governance/control-plane-guards/control-plane-debt-closure-register.json	docs/architecture/current/architecture-entrypoint.md	CURRENT	current normative architecture/contract material
CURRENT_NORMATIVE	docs/architecture/governance/control-plane-guards/control-plane-install-manifest.json	docs/architecture/current/architecture-entrypoint.md	CURRENT	current normative architecture/contract material
CURRENT_NORMATIVE	docs/architecture/governance/control-plane-guards/control-plane-phase-handoff.md	docs/architecture/current/architecture-entrypoint.md	CURRENT	current normative architecture/contract material
CURRENT_NORMATIVE	docs/architecture/governance/control-plane-guards/control-plane-rollback-plan.md	docs/architecture/current/architecture-entrypoint.md	CURRENT	current normative architecture/contract material
CURRENT_NORMATIVE	docs/architecture/governance/control-plane-guards/control-plane-scope-manifest.txt	docs/architecture/current/architecture-entrypoint.md	CURRENT	current normative architecture/contract material
CURRENT_NORMATIVE	docs/architecture/governance/control-plane-guards/control-plane-threat-model.md	docs/architecture/current/architecture-entrypoint.md	CURRENT	current normative architecture/contract material
CURRENT_NORMATIVE	docs/architecture/governance/control-plane-guards/control-plane-verification-matrix.json	docs/architecture/current/architecture-entrypoint.md	CURRENT	current normative architecture/contract material
CURRENT_NORMATIVE	docs/architecture/governance/control-plane-guards/delegated-tool-containment-policy.md	docs/architecture/current/architecture-entrypoint.md	CURRENT	current normative architecture/contract material
CURRENT_NORMATIVE	docs/architecture/governance/control-plane-guards/protected-path-and-mount-policy.md	docs/architecture/current/architecture-entrypoint.md	CURRENT	current normative architecture/contract material
CURRENT_NORMATIVE	docs/architecture/governance/control-plane-guards/receipt-writer-security-contract.md	docs/architecture/current/architecture-entrypoint.md	CURRENT	current normative architecture/contract material
CURRENT_NORMATIVE	docs/architecture/governance/control-plane-guards/root-receipt-store-contract.md	docs/architecture/current/architecture-entrypoint.md	CURRENT	current normative architecture/contract material
CURRENT_NORMATIVE	docs/architecture/governance/control-plane-guards/service-identity-and-gateway-policy.md	docs/architecture/current/architecture-entrypoint.md	CURRENT	current normative architecture/contract material
CURRENT_NORMATIVE	docs/architecture/governance/control-plane-guards/systemd-hardening-policy.md	docs/architecture/current/architecture-entrypoint.md	CURRENT	current normative architecture/contract material
CURRENT_NORMATIVE	docs/architecture/governance/core-architecture-rebalancing-contracts-v1.md	docs/architecture/current/architecture-entrypoint.md	CURRENT	current normative architecture/contract material
CURRENT_NORMATIVE	docs/architecture/governance/document-classification-inventory.tsv	docs/architecture/current/architecture-entrypoint.md	CURRENT	current normative architecture/contract material
CURRENT_NORMATIVE	docs/architecture/governance/edge-serverless-integration-compute-amendment-1.md	docs/architecture/current/architecture-entrypoint.md	CURRENT	current normative architecture/contract material
CURRENT_NORMATIVE	docs/architecture/governance/ep13-operational-reads.md	docs/architecture/current/architecture-entrypoint.md	CURRENT	current normative architecture/contract material
CURRENT_NORMATIVE	docs/architecture/governance/ep22-public-owner-reads.md	docs/architecture/current/architecture-entrypoint.md	CURRENT	current normative architecture/contract material
CURRENT_NORMATIVE	docs/architecture/governance/ep27b-audit-storage-public-contracts.md	docs/architecture/current/architecture-entrypoint.md	CURRENT	current normative architecture/contract material
CURRENT_NORMATIVE	docs/architecture/governance/evidence/h10-r1-delivery-owner-boundary-and-guard-correction-v1/00-identity.txt	docs/architecture/current/architecture-entrypoint.md	CURRENT	current normative architecture/contract material
CURRENT_NORMATIVE	docs/architecture/governance/evidence/h10-r1-delivery-owner-boundary-and-guard-correction-v1/01-caller-census.txt	docs/architecture/current/architecture-entrypoint.md	CURRENT	current normative architecture/contract material
CURRENT_NORMATIVE	docs/architecture/governance/evidence/h10-r1-delivery-owner-boundary-and-guard-correction-v1/02-owner-boundary.txt	docs/architecture/current/architecture-entrypoint.md	CURRENT	current normative architecture/contract material
CURRENT_NORMATIVE	docs/architecture/governance/evidence/h10-r1-delivery-owner-boundary-and-guard-correction-v1/03-tdd-red-green.txt	docs/architecture/current/architecture-entrypoint.md	CURRENT	current normative architecture/contract material
CURRENT_NORMATIVE	docs/architecture/governance/evidence/h10-r1-delivery-owner-boundary-and-guard-correction-v1/04-guard-summary.txt	docs/architecture/current/architecture-entrypoint.md	CURRENT	current normative architecture/contract material
CURRENT_NORMATIVE	docs/architecture/governance/evidence/h10-r1-delivery-owner-boundary-and-guard-correction-v1/05-schema-jooq-parity.txt	docs/architecture/current/architecture-entrypoint.md	CURRENT	current normative architecture/contract material
CURRENT_NORMATIVE	docs/architecture/governance/evidence/h10-r1-delivery-owner-boundary-and-guard-correction-v1/06-targeted-tests.txt	docs/architecture/current/architecture-entrypoint.md	CURRENT	current normative architecture/contract material
CURRENT_NORMATIVE	docs/architecture/governance/evidence/h10-r1-delivery-owner-boundary-and-guard-correction-v1/07-modulith.txt	docs/architecture/current/architecture-entrypoint.md	CURRENT	current normative architecture/contract material
CURRENT_NORMATIVE	docs/architecture/governance/evidence/h10-r1-delivery-owner-boundary-and-guard-correction-v1/08-full-serial.txt	docs/architecture/current/architecture-entrypoint.md	CURRENT	current normative architecture/contract material
CURRENT_NORMATIVE	docs/architecture/governance/evidence/h10-r1-delivery-owner-boundary-and-guard-correction-v1/09-change-impact-and-selected-lanes.txt	docs/architecture/current/architecture-entrypoint.md	CURRENT	current normative architecture/contract material
CURRENT_NORMATIVE	docs/architecture/governance/evidence/h10-r1-delivery-owner-boundary-and-guard-correction-v1/10-selected-lane-results.txt	docs/architecture/current/architecture-entrypoint.md	CURRENT	current normative architecture/contract material
CURRENT_NORMATIVE	docs/architecture/governance/evidence/h10-r1-delivery-owner-boundary-and-guard-correction-v1/11-preserved-semantics.txt	docs/architecture/current/architecture-entrypoint.md	CURRENT	current normative architecture/contract material
CURRENT_NORMATIVE	docs/architecture/governance/evidence/h10-r1-delivery-owner-boundary-and-guard-correction-v1/12-final-decision.txt	docs/architecture/current/architecture-entrypoint.md	CURRENT	current normative architecture/contract material
CURRENT_NORMATIVE	docs/architecture/governance/evidence/h10-r1-delivery-owner-boundary-and-guard-correction-v1/13-candidate-receipt.json	docs/architecture/current/architecture-entrypoint.md	CURRENT	current normative architecture/contract material
CURRENT_NORMATIVE	docs/architecture/governance/evidence/h10-r1-delivery-owner-boundary-and-guard-correction-v1/14-final-report.md	docs/architecture/current/architecture-entrypoint.md	CURRENT	current normative architecture/contract material
CURRENT_NORMATIVE	docs/architecture/governance/evidence/h10-r1-delivery-owner-boundary-and-guard-correction-v1/logs/caller-census-post.json	docs/architecture/current/architecture-entrypoint.md	CURRENT	current normative architecture/contract material
CURRENT_NORMATIVE	docs/architecture/governance/evidence/h10-r1-delivery-owner-boundary-and-guard-correction-v1/logs/caller-census-pre.json	docs/architecture/current/architecture-entrypoint.md	CURRENT	current normative architecture/contract material
CURRENT_NORMATIVE	docs/architecture/governance/evidence/h10-r1-delivery-owner-boundary-and-guard-correction-v1/logs/change-impact.json	docs/architecture/current/architecture-entrypoint.md	CURRENT	current normative architecture/contract material
CURRENT_NORMATIVE	docs/architecture/governance/evidence/h10-r1-delivery-owner-boundary-and-guard-correction-v1/logs/full-serial-summary.json	docs/architecture/current/architecture-entrypoint.md	CURRENT	current normative architecture/contract material
CURRENT_NORMATIVE	docs/architecture/governance/evidence/h10-r1-finalize-semantic-scope-and-port-contract-correction-v1/00-identity.txt	docs/architecture/current/architecture-entrypoint.md	CURRENT	current normative architecture/contract material
CURRENT_NORMATIVE	docs/architecture/governance/evidence/h10-r1-finalize-semantic-scope-and-port-contract-correction-v1/01-semantic-correction.txt	docs/architecture/current/architecture-entrypoint.md	CURRENT	current normative architecture/contract material
CURRENT_NORMATIVE	docs/architecture/governance/evidence/h10-r1-finalize-semantic-scope-and-port-contract-correction-v1/02-tdd-red-green.txt	docs/architecture/current/architecture-entrypoint.md	CURRENT	current normative architecture/contract material
CURRENT_NORMATIVE	docs/architecture/governance/evidence/h10-r1-finalize-semantic-scope-and-port-contract-correction-v1/03-guard-summary.txt	docs/architecture/current/architecture-entrypoint.md	CURRENT	current normative architecture/contract material
CURRENT_NORMATIVE	docs/architecture/governance/evidence/h10-r1-finalize-semantic-scope-and-port-contract-correction-v1/04-scope-parity.txt	docs/architecture/current/architecture-entrypoint.md	CURRENT	current normative architecture/contract material
CURRENT_NORMATIVE	docs/architecture/governance/evidence/h10-r1-finalize-semantic-scope-and-port-contract-correction-v1/05-targeted-tests.txt	docs/architecture/current/architecture-entrypoint.md	CURRENT	current normative architecture/contract material
CURRENT_NORMATIVE	docs/architecture/governance/evidence/h10-r1-finalize-semantic-scope-and-port-contract-correction-v1/06-modulith.txt	docs/architecture/current/architecture-entrypoint.md	CURRENT	current normative architecture/contract material
CURRENT_NORMATIVE	docs/architecture/governance/evidence/h10-r1-finalize-semantic-scope-and-port-contract-correction-v1/07-full-serial.txt	docs/architecture/current/architecture-entrypoint.md	CURRENT	current normative architecture/contract material
CURRENT_NORMATIVE	docs/architecture/governance/evidence/h10-r1-finalize-semantic-scope-and-port-contract-correction-v1/08-change-impact.txt	docs/architecture/current/architecture-entrypoint.md	CURRENT	current normative architecture/contract material
CURRENT_NORMATIVE	docs/architecture/governance/evidence/h10-r1-finalize-semantic-scope-and-port-contract-correction-v1/09-selected-gates.txt	docs/architecture/current/architecture-entrypoint.md	CURRENT	current normative architecture/contract material
CURRENT_NORMATIVE	docs/architecture/governance/evidence/h10-r1-finalize-semantic-scope-and-port-contract-correction-v1/10-preserved-semantics.txt	docs/architecture/current/architecture-entrypoint.md	CURRENT	current normative architecture/contract material
CURRENT_NORMATIVE	docs/architecture/governance/evidence/h10-r1-finalize-semantic-scope-and-port-contract-correction-v1/11-final-decision.txt	docs/architecture/current/architecture-entrypoint.md	CURRENT	current normative architecture/contract material
CURRENT_NORMATIVE	docs/architecture/governance/evidence/h10-r1-finalize-semantic-scope-and-port-contract-correction-v1/12-candidate-receipt.json	docs/architecture/current/architecture-entrypoint.md	CURRENT	current normative architecture/contract material
CURRENT_NORMATIVE	docs/architecture/governance/evidence/h10-r1-finalize-semantic-scope-and-port-contract-correction-v1/13-final-report.md	docs/architecture/current/architecture-entrypoint.md	CURRENT	current normative architecture/contract material
CURRENT_NORMATIVE	docs/architecture/governance/evidence/h10-r1-finalize-semantic-scope-and-port-contract-correction-v1/logs/change-impact.json	docs/architecture/current/architecture-entrypoint.md	CURRENT	current normative architecture/contract material
CURRENT_NORMATIVE	docs/architecture/governance/evidence/h10-r1-finalize-semantic-scope-and-port-contract-correction-v1/logs/full-serial-summary.json	docs/architecture/current/architecture-entrypoint.md	CURRENT	current normative architecture/contract material
CURRENT_NORMATIVE	docs/architecture/governance/evidence/h10-r1-finalize-semantic-scope-and-port-contract-correction-v1/logs/scope-parity.json	docs/architecture/current/architecture-entrypoint.md	CURRENT	current normative architecture/contract material
CURRENT_NORMATIVE	docs/architecture/governance/evidence/h10-r1-render-request-initiator-authority-reconciliation-v1/00-base-provenance.txt	docs/architecture/current/architecture-entrypoint.md	CURRENT	current normative architecture/contract material
CURRENT_NORMATIVE	docs/architecture/governance/evidence/h10-r1-render-request-initiator-authority-reconciliation-v1/01-base-inventory.txt	docs/architecture/current/architecture-entrypoint.md	CURRENT	current normative architecture/contract material
CURRENT_NORMATIVE	docs/architecture/governance/evidence/h10-r1-render-request-initiator-authority-reconciliation-v1/02-authority-contract.txt	docs/architecture/current/architecture-entrypoint.md	CURRENT	current normative architecture/contract material
CURRENT_NORMATIVE	docs/architecture/governance/evidence/h10-r1-render-request-initiator-authority-reconciliation-v1/03-implementation-summary.txt	docs/architecture/current/architecture-entrypoint.md	CURRENT	current normative architecture/contract material
CURRENT_NORMATIVE	docs/architecture/governance/evidence/h10-r1-render-request-initiator-authority-reconciliation-v1/04-guard-summary.txt	docs/architecture/current/architecture-entrypoint.md	CURRENT	current normative architecture/contract material
CURRENT_NORMATIVE	docs/architecture/governance/evidence/h10-r1-render-request-initiator-authority-reconciliation-v1/05-targeted-tests.txt	docs/architecture/current/architecture-entrypoint.md	CURRENT	current normative architecture/contract material
CURRENT_NORMATIVE	docs/architecture/governance/evidence/h10-r1-render-request-initiator-authority-reconciliation-v1/06-modulith.txt	docs/architecture/current/architecture-entrypoint.md	CURRENT	current normative architecture/contract material
CURRENT_NORMATIVE	docs/architecture/governance/evidence/h10-r1-render-request-initiator-authority-reconciliation-v1/07-full-serial.txt	docs/architecture/current/architecture-entrypoint.md	CURRENT	current normative architecture/contract material
CURRENT_NORMATIVE	docs/architecture/governance/evidence/h10-r1-render-request-initiator-authority-reconciliation-v1/08-ci-equivalent.txt	docs/architecture/current/architecture-entrypoint.md	CURRENT	current normative architecture/contract material
CURRENT_NORMATIVE	docs/architecture/governance/evidence/h10-r1-render-request-initiator-authority-reconciliation-v1/09-history-and-scope.txt	docs/architecture/current/architecture-entrypoint.md	CURRENT	current normative architecture/contract material
CURRENT_NORMATIVE	docs/architecture/governance/evidence/h10-r1-render-request-initiator-authority-reconciliation-v1/10-final-decision.txt	docs/architecture/current/architecture-entrypoint.md	CURRENT	current normative architecture/contract material
CURRENT_NORMATIVE	docs/architecture/governance/evidence/h10-r1-render-request-initiator-authority-reconciliation-v1/11-candidate-receipt.json	docs/architecture/current/architecture-entrypoint.md	CURRENT	current normative architecture/contract material
CURRENT_NORMATIVE	docs/architecture/governance/evidence/h10-r1-render-request-initiator-authority-reconciliation-v1/12-final-report.md	docs/architecture/current/architecture-entrypoint.md	CURRENT	current normative architecture/contract material
CURRENT_NORMATIVE	docs/architecture/governance/first-real-media-cut-v1.md	docs/architecture/current/architecture-entrypoint.md	CURRENT	current normative architecture/contract material
CURRENT_NORMATIVE	docs/architecture/governance/font-text-foundation-bounded-architecture-contract-v1.md	docs/architecture/current/architecture-entrypoint.md	CURRENT	current normative architecture/contract material
CURRENT_NORMATIVE	docs/architecture/governance/font-text-foundation-contract-refinement-c41-c48.md	docs/architecture/current/architecture-entrypoint.md	CURRENT	current normative architecture/contract material
CURRENT_NORMATIVE	docs/architecture/governance/foundation-architecture-lock-v1.md	docs/architecture/current/architecture-entrypoint.md	CURRENT	current normative architecture/contract material
CURRENT_NORMATIVE	docs/architecture/governance/frontend-backend-application-api-gap-ledger-v1.md	docs/architecture/current/architecture-entrypoint.md	CURRENT	current normative architecture/contract material
CURRENT_NORMATIVE	docs/architecture/governance/frontend-current-governed-scope-ledger-v1.tsv	docs/architecture/current/architecture-entrypoint.md	CURRENT	current normative architecture/contract material
CURRENT_NORMATIVE	docs/architecture/governance/frontend-foundation-checkpoint-a-implementation-v1.md	docs/architecture/current/architecture-entrypoint.md	CURRENT	current normative architecture/contract material
CURRENT_NORMATIVE	docs/architecture/governance/frontend-product-ia-f0-f1-interim-report-v1.md	docs/architecture/current/architecture-entrypoint.md	CURRENT	current normative architecture/contract material
CURRENT_NORMATIVE	docs/architecture/governance/frontend-product-information-architecture-v1.md	docs/architecture/current/architecture-entrypoint.md	CURRENT	current normative architecture/contract material
CURRENT_NORMATIVE	docs/architecture/governance/frontend-product-path-classification-v1.tsv	docs/architecture/current/architecture-entrypoint.md	CURRENT	current normative architecture/contract material
CURRENT_NORMATIVE	docs/architecture/governance/gcr-1-timeline-application-authority-correction-publication-v1.md	docs/architecture/current/architecture-entrypoint.md	CURRENT	current normative architecture/contract material
CURRENT_NORMATIVE	docs/architecture/governance/gcr-1-timeline-import-validation-authority-correction-v2-publication-record.md	docs/architecture/current/architecture-entrypoint.md	CURRENT	current normative architecture/contract material
CURRENT_NORMATIVE	docs/architecture/governance/gcr-1-timeline-import-validation-authority-correction-v2.md	docs/architecture/current/architecture-entrypoint.md	CURRENT	current normative architecture/contract material
CURRENT_NORMATIVE	docs/architecture/governance/gcr-1-timeline-operation-render-ownership-publication-v1.md	docs/architecture/current/architecture-entrypoint.md	CURRENT	current normative architecture/contract material
CURRENT_NORMATIVE	docs/architecture/governance/gcr-2-artifact-authority.md	docs/architecture/current/architecture-entrypoint.md	CURRENT	current normative architecture/contract material
CURRENT_NORMATIVE	docs/architecture/governance/gcr-2-correction-v1-artifact-query-tenant-isolation.md	docs/architecture/current/architecture-entrypoint.md	CURRENT	current normative architecture/contract material
CURRENT_NORMATIVE	docs/architecture/governance/gcr-2-correction-v1-publication-record.md	docs/architecture/current/architecture-entrypoint.md	CURRENT	current normative architecture/contract material
CURRENT_NORMATIVE	docs/architecture/governance/gcr-4-compatibility-migration-deletion-publication-v1.md	docs/architecture/current/architecture-entrypoint.md	CURRENT	current normative architecture/contract material
CURRENT_NORMATIVE	docs/architecture/governance/gcr-4-evidence-correction-publication-v1.md	docs/architecture/current/architecture-entrypoint.md	CURRENT	current normative architecture/contract material
CURRENT_NORMATIVE	docs/architecture/governance/gcr-5-gcr-6-database-canonicalization.md	docs/architecture/current/architecture-entrypoint.md	CURRENT	current normative architecture/contract material
CURRENT_NORMATIVE	docs/architecture/governance/gcr-5-gcr-6-governance-reconciliation-v1-publication-record.md	docs/architecture/current/architecture-entrypoint.md	CURRENT	current normative architecture/contract material
CURRENT_NORMATIVE	docs/architecture/governance/gcr-5-gcr-6-governance-reconciliation-v1.md	docs/architecture/current/architecture-entrypoint.md	CURRENT	current normative architecture/contract material
CURRENT_NORMATIVE	docs/architecture/governance/gcr-5-gcr-6-publication-record.md	docs/architecture/current/architecture-entrypoint.md	CURRENT	current normative architecture/contract material
CURRENT_NORMATIVE	docs/architecture/governance/governance-change-ledger-2026-09-22.md	docs/architecture/current/architecture-entrypoint.md	CURRENT	current normative architecture/contract material
CURRENT_NORMATIVE	docs/architecture/governance/greenfield-baseline/greenfield-baseline-specification.md	docs/architecture/current/architecture-entrypoint.md	CURRENT	current normative architecture/contract material
CURRENT_NORMATIVE	docs/architecture/governance/greenfield-baseline/greenfield-target-schema-contract.json	docs/architecture/current/architecture-entrypoint.md	CURRENT	current normative architecture/contract material
CURRENT_NORMATIVE	docs/architecture/governance/greenfield-baseline/schema-update-scope-contract.json	docs/architecture/current/architecture-entrypoint.md	CURRENT	current normative architecture/contract material
CURRENT_NORMATIVE	docs/architecture/governance/greenfield-baseline/schema-verification-contract.json	docs/architecture/current/architecture-entrypoint.md	CURRENT	current normative architecture/contract material
CURRENT_NORMATIVE	docs/architecture/governance/h10-r1-delivery-owner-boundary-and-guard-correction-v1.md	docs/architecture/current/architecture-entrypoint.md	CURRENT	current normative architecture/contract material
CURRENT_NORMATIVE	docs/architecture/governance/h10-r1-finalize-semantic-scope-and-port-contract-correction-v1.md	docs/architecture/current/architecture-entrypoint.md	CURRENT	current normative architecture/contract material
CURRENT_NORMATIVE	docs/architecture/governance/h10-r1-render-request-initiator-authority-reconciliation-v1.md	docs/architecture/current/architecture-entrypoint.md	CURRENT	current normative architecture/contract material
CURRENT_NORMATIVE	docs/architecture/governance/h2-bmf-clean-forward-disposition-v1.json	docs/architecture/current/architecture-entrypoint.md	CURRENT	current normative architecture/contract material
CURRENT_NORMATIVE	docs/architecture/governance/h2-bmf-provider-cross-runtime-effect-conformance-poc-bounded-refinement-1.md	docs/architecture/current/architecture-entrypoint.md	CURRENT	current normative architecture/contract material
CURRENT_NORMATIVE	docs/architecture/governance/h2-bmf-provider-cross-runtime-effect-conformance-poc-decision-recovery-v2.md	docs/architecture/current/architecture-entrypoint.md	CURRENT	current normative architecture/contract material
CURRENT_NORMATIVE	docs/architecture/governance/h2-bmf-runtime-dependency-research-v1.json	docs/architecture/current/architecture-entrypoint.md	CURRENT	current normative architecture/contract material
CURRENT_NORMATIVE	docs/architecture/governance/h2-phase19-deferred-capability-reassessment-v1.json	docs/architecture/current/architecture-entrypoint.md	CURRENT	current normative architecture/contract material
CURRENT_NORMATIVE	docs/architecture/governance/h4-frontend-product-surface-disposition-ledger-v1.json	docs/architecture/current/architecture-entrypoint.md	CURRENT	current normative architecture/contract material
CURRENT_NORMATIVE	docs/architecture/governance/h6-artifact-storage-clean-forward-ledger.md	docs/architecture/current/architecture-entrypoint.md	CURRENT	current normative architecture/contract material
CURRENT_NORMATIVE	docs/architecture/governance/inventory/ARCH-DOC-GOV-INVENTORY-AND-CLASSIFICATION.1.md	docs/architecture/current/architecture-entrypoint.md	CURRENT	current normative architecture/contract material
CURRENT_NORMATIVE	docs/architecture/governance/inventory/classification-summary.md	docs/architecture/current/architecture-entrypoint.md	CURRENT	current normative architecture/contract material
CURRENT_NORMATIVE	docs/architecture/governance/inventory/conflict-register.json	docs/architecture/current/architecture-entrypoint.md	CURRENT	current normative architecture/contract material
CURRENT_NORMATIVE	docs/architecture/governance/inventory/control-plane-inventory.json	docs/architecture/current/architecture-entrypoint.md	CURRENT	current normative architecture/contract material
CURRENT_NORMATIVE	docs/architecture/governance/inventory/governance-debt-register.md	docs/architecture/current/architecture-entrypoint.md	CURRENT	current normative architecture/contract material
CURRENT_NORMATIVE	docs/architecture/governance/inventory/inventory-scope-manifest.txt	docs/architecture/current/architecture-entrypoint.md	CURRENT	current normative architecture/contract material
CURRENT_NORMATIVE	docs/architecture/governance/inventory/repository-artifact-inventory.json	docs/architecture/current/architecture-entrypoint.md	CURRENT	current normative architecture/contract material
CURRENT_NORMATIVE	docs/architecture/governance/jooq/jooq-typed-schema-authority-decision.md	docs/architecture/current/architecture-entrypoint.md	CURRENT	current normative architecture/contract material
CURRENT_NORMATIVE	docs/architecture/governance/mainline-readiness/mainline-readiness-authority-decision.md	docs/architecture/current/architecture-entrypoint.md	CURRENT	current normative architecture/contract material
CURRENT_NORMATIVE	docs/architecture/governance/media-platform-integrated-architecture-roadmap-v2-final-authority-correction.md	docs/architecture/current/architecture-entrypoint.md	CURRENT	current normative architecture/contract material
CURRENT_NORMATIVE	docs/architecture/governance/media-platform-integrated-architecture-roadmap-v2-final-correction.md	docs/architecture/current/architecture-entrypoint.md	CURRENT	current normative architecture/contract material
CURRENT_NORMATIVE	docs/architecture/governance/media-platform-integrated-architecture-roadmap-v2-final-mechanical-guard-evidence-correction.md	docs/architecture/current/architecture-entrypoint.md	CURRENT	current normative architecture/contract material
CURRENT_NORMATIVE	docs/architecture/governance/media-platform-integrated-architecture-roadmap-v2-final-mechanical-ledger-correction.md	docs/architecture/current/architecture-entrypoint.md	CURRENT	current normative architecture/contract material
CURRENT_NORMATIVE	docs/architecture/governance/media-platform-integrated-architecture-roadmap-v2.md	docs/architecture/current/architecture-entrypoint.md	CURRENT	current normative architecture/contract material
CURRENT_NORMATIVE	docs/architecture/governance/metadata-and-lifecycle/ARCH-DOC-GOV-METADATA-AND-LIFECYCLE.5.md	docs/architecture/current/architecture-entrypoint.md	CURRENT	current normative architecture/contract material
CURRENT_NORMATIVE	docs/architecture/governance/metadata-and-lifecycle/document-lifecycle-policy.md	docs/architecture/current/architecture-entrypoint.md	CURRENT	current normative architecture/contract material
CURRENT_NORMATIVE	docs/architecture/governance/metadata-and-lifecycle/document-metadata-registry.json	docs/architecture/current/architecture-entrypoint.md	CURRENT	current normative architecture/contract material
CURRENT_NORMATIVE	docs/architecture/governance/metadata-and-lifecycle/document-metadata.schema.json	docs/architecture/current/architecture-entrypoint.md	CURRENT	current normative architecture/contract material
CURRENT_NORMATIVE	docs/architecture/governance/metadata-and-lifecycle/document-ownership-registry.json	docs/architecture/current/architecture-entrypoint.md	CURRENT	current normative architecture/contract material
CURRENT_NORMATIVE	docs/architecture/governance/metadata-and-lifecycle/generated-document-lifecycle-policy.md	docs/architecture/current/architecture-entrypoint.md	CURRENT	current normative architecture/contract material
CURRENT_NORMATIVE	docs/architecture/governance/metadata-and-lifecycle/governance-receipt-registry.json	docs/architecture/current/architecture-entrypoint.md	CURRENT	current normative architecture/contract material
CURRENT_NORMATIVE	docs/architecture/governance/metadata-and-lifecycle/lifecycle-transition-matrix.json	docs/architecture/current/architecture-entrypoint.md	CURRENT	current normative architecture/contract material
CURRENT_NORMATIVE	docs/architecture/governance/metadata-and-lifecycle/metadata-application-manifest.json	docs/architecture/current/architecture-entrypoint.md	CURRENT	current normative architecture/contract material
CURRENT_NORMATIVE	docs/architecture/governance/metadata-and-lifecycle/metadata-exceptions-register.json	docs/architecture/current/architecture-entrypoint.md	CURRENT	current normative architecture/contract material
CURRENT_NORMATIVE	docs/architecture/governance/metadata-and-lifecycle/metadata-lifecycle-phase-handoff.md	docs/architecture/current/architecture-entrypoint.md	CURRENT	current normative architecture/contract material
CURRENT_NORMATIVE	docs/architecture/governance/metadata-and-lifecycle/metadata-lifecycle-scope-manifest.txt	docs/architecture/current/architecture-entrypoint.md	CURRENT	current normative architecture/contract material
CURRENT_NORMATIVE	docs/architecture/governance/metadata-and-lifecycle/receipt-lifecycle-policy.md	docs/architecture/current/architecture-entrypoint.md	CURRENT	current normative architecture/contract material
CURRENT_NORMATIVE	docs/architecture/governance/metadata-and-lifecycle/retention-and-archive-policy.md	docs/architecture/current/architecture-entrypoint.md	CURRENT	current normative architecture/contract material
CURRENT_NORMATIVE	docs/architecture/governance/metadata-and-lifecycle/review-cadence-policy.json	docs/architecture/current/architecture-entrypoint.md	CURRENT	current normative architecture/contract material
CURRENT_NORMATIVE	docs/architecture/governance/normalization-and-archival/ARCH-DOC-GOV-NORMALIZATION-AND-ARCHIVAL.4.md	docs/architecture/current/architecture-entrypoint.md	CURRENT	current normative architecture/contract material
CURRENT_NORMATIVE	docs/architecture/governance/normalization-and-archival/archive-manifest.json	docs/architecture/current/architecture-entrypoint.md	CURRENT	current normative architecture/contract material
CURRENT_NORMATIVE	docs/architecture/governance/normalization-and-archival/document-disposition-register.json	docs/architecture/current/architecture-entrypoint.md	CURRENT	current normative architecture/contract material
CURRENT_NORMATIVE	docs/architecture/governance/normalization-and-archival/exceptions-and-deferred-actions.md	docs/architecture/current/architecture-entrypoint.md	CURRENT	current normative architecture/contract material
CURRENT_NORMATIVE	docs/architecture/governance/normalization-and-archival/normalization-plan.json	docs/architecture/current/architecture-entrypoint.md	CURRENT	current normative architecture/contract material
CURRENT_NORMATIVE	docs/architecture/governance/normalization-and-archival/normalization-scope-manifest.txt	docs/architecture/current/architecture-entrypoint.md	CURRENT	current normative architecture/contract material
CURRENT_NORMATIVE	docs/architecture/governance/normalization-and-archival/reference-rewrite-map.json	docs/architecture/current/architecture-entrypoint.md	CURRENT	current normative architecture/contract material
CURRENT_NORMATIVE	docs/architecture/governance/operation-model-foundation-v1.md	docs/architecture/current/architecture-entrypoint.md	CURRENT	current normative architecture/contract material
CURRENT_NORMATIVE	docs/architecture/governance/operation-plan-final-evidence-verification-v1.md	docs/architecture/current/architecture-entrypoint.md	CURRENT	current normative architecture/contract material
CURRENT_NORMATIVE	docs/architecture/governance/operation-plan-post-close-correction-v1.md	docs/architecture/current/architecture-entrypoint.md	CURRENT	current normative architecture/contract material
CURRENT_NORMATIVE	docs/architecture/governance/operation-plan-transaction-model-v1.md	docs/architecture/current/architecture-entrypoint.md	CURRENT	current normative architecture/contract material
CURRENT_NORMATIVE	docs/architecture/governance/phase17-sandbox-conformance-lane.md	docs/architecture/current/architecture-entrypoint.md	CURRENT	current normative architecture/contract material
CURRENT_NORMATIVE	docs/architecture/governance/pre-roadmap-21-final-typed-render-failure-correction-publication.md	docs/architecture/current/architecture-entrypoint.md	CURRENT	current normative architecture/contract material
CURRENT_NORMATIVE	docs/architecture/governance/pre-roadmap-21-independent-review-correction-publication.md	docs/architecture/current/architecture-entrypoint.md	CURRENT	current normative architecture/contract material
CURRENT_NORMATIVE	docs/architecture/governance/pre-roadmap-21-module-boundary-planner-purity-contract-v1.md	docs/architecture/current/architecture-entrypoint.md	CURRENT	current normative architecture/contract material
CURRENT_NORMATIVE	docs/architecture/governance/pre-roadmap-21-module-boundary-planner-purity-decision-recovery.md	docs/architecture/current/architecture-entrypoint.md	CURRENT	current normative architecture/contract material
CURRENT_NORMATIVE	docs/architecture/governance/pre-roadmap-21-module-boundary-planner-purity-publication.md	docs/architecture/current/architecture-entrypoint.md	CURRENT	current normative architecture/contract material
CURRENT_NORMATIVE	docs/architecture/governance/pre-roadmap-21-w3-module-boundary-evidence.md	docs/architecture/current/architecture-entrypoint.md	CURRENT	current normative architecture/contract material
CURRENT_NORMATIVE	docs/architecture/governance/project-architecture-state-v1-consolidated-governance-bootstrap-revision-2.md	docs/architecture/current/architecture-entrypoint.md	CURRENT	current normative architecture/contract material
CURRENT_NORMATIVE	docs/architecture/governance/project-architecture-state-v1-governance-expansion-1.md	docs/architecture/current/architecture-entrypoint.md	CURRENT	current normative architecture/contract material
CURRENT_NORMATIVE	docs/architecture/governance/project-architecture-state-v1-governance-review-correction-1.md	docs/architecture/current/architecture-entrypoint.md	CURRENT	current normative architecture/contract material
CURRENT_NORMATIVE	docs/architecture/governance/project-architecture-state-v1-governance-review-correction-2.md	docs/architecture/current/architecture-entrypoint.md	CURRENT	current normative architecture/contract material
CURRENT_NORMATIVE	docs/architecture/governance/project-architecture-state-v1-yaml-semantic-integrity-correction-1.md	docs/architecture/current/architecture-entrypoint.md	CURRENT	current normative architecture/contract material
CURRENT_NORMATIVE	docs/architecture/governance/project-state/README.md	docs/architecture/current/architecture-entrypoint.md	CURRENT	current normative architecture/contract material
CURRENT_NORMATIVE	docs/architecture/governance/project-state/architecture-registry.yaml	docs/architecture/current/architecture-entrypoint.md	CURRENT	current normative architecture/contract material
CURRENT_NORMATIVE	docs/architecture/governance/project-state/current-state.yaml	docs/architecture/current/architecture-entrypoint.md	CURRENT	current normative architecture/contract material
CURRENT_NORMATIVE	docs/architecture/governance/project-state/deferred-items.yaml	docs/architecture/current/architecture-entrypoint.md	CURRENT	current normative architecture/contract material
CURRENT_NORMATIVE	docs/architecture/governance/project-state/foundation-inventory.yaml	docs/architecture/current/architecture-entrypoint.md	CURRENT	current normative architecture/contract material
CURRENT_NORMATIVE	docs/architecture/governance/project-state/product-reference-inventory.yaml	docs/architecture/current/architecture-entrypoint.md	CURRENT	current normative architecture/contract material
CURRENT_NORMATIVE	docs/architecture/governance/project-state/roadmap-tracks.yaml	docs/architecture/current/architecture-entrypoint.md	CURRENT	current normative architecture/contract material
CURRENT_NORMATIVE	docs/architecture/governance/project-state/validation-inventory.yaml	docs/architecture/current/architecture-entrypoint.md	CURRENT	current normative architecture/contract material
CURRENT_NORMATIVE	docs/architecture/governance/release/first-production-release-zero-debt-policy.md	docs/architecture/current/architecture-entrypoint.md	CURRENT	current normative architecture/contract material
CURRENT_NORMATIVE	docs/architecture/governance/revision-command-final-post-close-verification-v1.md	docs/architecture/current/architecture-entrypoint.md	CURRENT	current normative architecture/contract material
CURRENT_NORMATIVE	docs/architecture/governance/revision-command-model-v1.md	docs/architecture/current/architecture-entrypoint.md	CURRENT	current normative architecture/contract material
CURRENT_NORMATIVE	docs/architecture/governance/roadmap-13-media-canonical-model-v2.md	docs/architecture/current/architecture-entrypoint.md	CURRENT	current normative architecture/contract material
CURRENT_NORMATIVE	docs/architecture/governance/roadmap-14-timeline-v2.md	docs/architecture/current/architecture-entrypoint.md	CURRENT	current normative architecture/contract material
CURRENT_NORMATIVE	docs/architecture/governance/roadmap-15-audio-v2.md	docs/architecture/current/architecture-entrypoint.md	CURRENT	current normative architecture/contract material
CURRENT_NORMATIVE	docs/architecture/governance/roadmap-16-capability-version-lifecycle.md	docs/architecture/current/architecture-entrypoint.md	CURRENT	current normative architecture/contract material
CURRENT_NORMATIVE	docs/architecture/governance/roadmap-17-otio-v2-asset-source-boundary.md	docs/architecture/current/architecture-entrypoint.md	CURRENT	current normative architecture/contract material
CURRENT_NORMATIVE	docs/architecture/governance/roadmap-18-cip2-durable-persistence-v1.md	docs/architecture/current/architecture-entrypoint.md	CURRENT	current normative architecture/contract material
CURRENT_NORMATIVE	docs/architecture/governance/roadmap-18-color-image-foundation.md	docs/architecture/current/architecture-entrypoint.md	CURRENT	current normative architecture/contract material
CURRENT_NORMATIVE	docs/architecture/governance/roadmap-18-final-content-version-integrity-v1.md	docs/architecture/current/architecture-entrypoint.md	CURRENT	current normative architecture/contract material
CURRENT_NORMATIVE	docs/architecture/governance/roadmap-18-final-credential-evidence-normalization-v1.md	docs/architecture/current/architecture-entrypoint.md	CURRENT	current normative architecture/contract material
CURRENT_NORMATIVE	docs/architecture/governance/roadmap-18-final-db-integrity-v1.md	docs/architecture/current/architecture-entrypoint.md	CURRENT	current normative architecture/contract material
CURRENT_NORMATIVE	docs/architecture/governance/roadmap-18-final-post-close-correction-v1.md	docs/architecture/current/architecture-entrypoint.md	CURRENT	current normative architecture/contract material
CURRENT_NORMATIVE	docs/architecture/governance/roadmap-19-completion-progress-v1.md	docs/architecture/current/architecture-entrypoint.md	CURRENT	current normative architecture/contract material
CURRENT_NORMATIVE	docs/architecture/governance/roadmap-19-completion-publication-v1.md	docs/architecture/current/architecture-entrypoint.md	CURRENT	current normative architecture/contract material
CURRENT_NORMATIVE	docs/architecture/governance/roadmap-19-dr-refinement-correction-v1.md	docs/architecture/current/architecture-entrypoint.md	CURRENT	current normative architecture/contract material
CURRENT_NORMATIVE	docs/architecture/governance/roadmap-19-final-timeline-authority-canonicalization-publication-v1.md	docs/architecture/current/architecture-entrypoint.md	CURRENT	current normative architecture/contract material
CURRENT_NORMATIVE	docs/architecture/governance/roadmap-19-font-text-foundation-decision-recovery-v1.md	docs/architecture/current/architecture-entrypoint.md	CURRENT	current normative architecture/contract material
CURRENT_NORMATIVE	docs/architecture/governance/roadmap-19-font-text-foundation-implementation-v1.md	docs/architecture/current/architecture-entrypoint.md	CURRENT	current normative architecture/contract material
CURRENT_NORMATIVE	docs/architecture/governance/roadmap-19-mandatory-review-correction-publication-v1.md	docs/architecture/current/architecture-entrypoint.md	CURRENT	current normative architecture/contract material
CURRENT_NORMATIVE	docs/architecture/governance/roadmap-19-timedtext-presentation-foundation-correction-1-publication-record.md	docs/architecture/current/architecture-entrypoint.md	CURRENT	current normative architecture/contract material
CURRENT_NORMATIVE	docs/architecture/governance/roadmap-19-timedtext-presentation-foundation-correction-1.md	docs/architecture/current/architecture-entrypoint.md	CURRENT	current normative architecture/contract material
CURRENT_NORMATIVE	docs/architecture/governance/roadmap-19-timedtext-presentation-foundation-publication-record.md	docs/architecture/current/architecture-entrypoint.md	CURRENT	current normative architecture/contract material
CURRENT_NORMATIVE	docs/architecture/governance/roadmap-19-timedtext-presentation-foundation.md	docs/architecture/current/architecture-entrypoint.md	CURRENT	current normative architecture/contract material
CURRENT_NORMATIVE	docs/architecture/governance/roadmap-20-algorithm-boundary-review.md	docs/architecture/current/architecture-entrypoint.md	CURRENT	current normative architecture/contract material
CURRENT_NORMATIVE	docs/architecture/governance/roadmap-20-authoritative-effect-binding-logical-what-closure-r5.md	docs/architecture/current/architecture-entrypoint.md	CURRENT	current normative architecture/contract material
CURRENT_NORMATIVE	docs/architecture/governance/roadmap-20-authority-integration-correction-final-implementation.md	docs/architecture/current/architecture-entrypoint.md	CURRENT	current normative architecture/contract material
CURRENT_NORMATIVE	docs/architecture/governance/roadmap-20-canonical-renderplan-rendergraph-implementation.md	docs/architecture/current/architecture-entrypoint.md	CURRENT	current normative architecture/contract material
CURRENT_NORMATIVE	docs/architecture/governance/roadmap-20-effect-authority-binding-decision-recovery.md	docs/architecture/current/architecture-entrypoint.md	CURRENT	current normative architecture/contract material
CURRENT_NORMATIVE	docs/architecture/governance/roadmap-20-effect-authority-option-b-contract-closure.md	docs/architecture/current/architecture-entrypoint.md	CURRENT	current normative architecture/contract material
CURRENT_NORMATIVE	docs/architecture/governance/roadmap-20-effect-semantic-snapshot-revision-pin-final-implementation.md	docs/architecture/current/architecture-entrypoint.md	CURRENT	current normative architecture/contract material
CURRENT_NORMATIVE	docs/architecture/governance/roadmap-20-effect-snapshot-binding-vs-semantic-identity-correction.md	docs/architecture/current/architecture-entrypoint.md	CURRENT	current normative architecture/contract material
CURRENT_NORMATIVE	docs/architecture/governance/roadmap-20-final-authority-immutability-and-clean-forward-closure.md	docs/architecture/current/architecture-entrypoint.md	CURRENT	current normative architecture/contract material
CURRENT_NORMATIVE	docs/architecture/governance/roadmap-20-final-canonical-read-and-restore-evidence-closure.md	docs/architecture/current/architecture-entrypoint.md	CURRENT	current normative architecture/contract material
CURRENT_NORMATIVE	docs/architecture/governance/roadmap-20-final-effect-target-capability-node-identity-closure-r6.md	docs/architecture/current/architecture-entrypoint.md	CURRENT	current normative architecture/contract material
CURRENT_NORMATIVE	docs/architecture/governance/roadmap-20-final-independent-acceptance-evidence-correction.md	docs/architecture/current/architecture-entrypoint.md	CURRENT	current normative architecture/contract material
CURRENT_NORMATIVE	docs/architecture/governance/roadmap-20-final-restore-ownership-semantic-commitment-closure.md	docs/architecture/current/architecture-entrypoint.md	CURRENT	current normative architecture/contract material
CURRENT_NORMATIVE	docs/architecture/governance/roadmap-20-final-source-completeness-and-invariant-closure.md	docs/architecture/current/architecture-entrypoint.md	CURRENT	current normative architecture/contract material
CURRENT_NORMATIVE	docs/architecture/governance/roadmap-20-graph-backend-adoption-review.md	docs/architecture/current/architecture-entrypoint.md	CURRENT	current normative architecture/contract material
CURRENT_NORMATIVE	docs/architecture/governance/roadmap-20-logical-what-closure-correction-r2.md	docs/architecture/current/architecture-entrypoint.md	CURRENT	current normative architecture/contract material
CURRENT_NORMATIVE	docs/architecture/governance/roadmap-20-logical-what-closure-correction-r3.md	docs/architecture/current/architecture-entrypoint.md	CURRENT	current normative architecture/contract material
CURRENT_NORMATIVE	docs/architecture/governance/roadmap-20-logical-what-closure-correction-r4.md	docs/architecture/current/architecture-entrypoint.md	CURRENT	current normative architecture/contract material
CURRENT_NORMATIVE	docs/architecture/governance/roadmap-20-logical-what-closure-correction.md	docs/architecture/current/architecture-entrypoint.md	CURRENT	current normative architecture/contract material
CURRENT_NORMATIVE	docs/architecture/governance/roadmap-20-post-decision-recovery-mandatory-refinement.md	docs/architecture/current/architecture-entrypoint.md	CURRENT	current normative architecture/contract material
CURRENT_NORMATIVE	docs/architecture/governance/roadmap-20-render-architecture-research-review.md	docs/architecture/current/architecture-entrypoint.md	CURRENT	current normative architecture/contract material
CURRENT_NORMATIVE	docs/architecture/governance/roadmap-20-renderplan-rendergraph-architecture-contract.md	docs/architecture/current/architecture-entrypoint.md	CURRENT	current normative architecture/contract material
CURRENT_NORMATIVE	docs/architecture/governance/roadmap-20-repository-reality-report.md	docs/architecture/current/architecture-entrypoint.md	CURRENT	current normative architecture/contract material
CURRENT_NORMATIVE	docs/architecture/governance/roadmap-21-c12-c13-temporal-extent-architecture-correction-v1.md	docs/architecture/current/architecture-entrypoint.md	CURRENT	current normative architecture/contract material
CURRENT_NORMATIVE	docs/architecture/governance/roadmap-21-entry-residual-clean-forward-correction.md	docs/architecture/current/architecture-entrypoint.md	CURRENT	current normative architecture/contract material
CURRENT_NORMATIVE	docs/architecture/governance/roadmap-21-execution-graph-planning-bounded-correction-2-publication.md	docs/architecture/current/architecture-entrypoint.md	CURRENT	current normative architecture/contract material
CURRENT_NORMATIVE	docs/architecture/governance/roadmap-21-execution-graph-planning-bounded-correction-3-publication.md	docs/architecture/current/architecture-entrypoint.md	CURRENT	current normative architecture/contract material
CURRENT_NORMATIVE	docs/architecture/governance/roadmap-21-execution-graph-planning-bounded-correction-4-publication.md	docs/architecture/current/architecture-entrypoint.md	CURRENT	current normative architecture/contract material
CURRENT_NORMATIVE	docs/architecture/governance/roadmap-21-execution-graph-planning-bounded-correction-5-publication.md	docs/architecture/current/architecture-entrypoint.md	CURRENT	current normative architecture/contract material
CURRENT_NORMATIVE	docs/architecture/governance/roadmap-21-execution-graph-planning-bounded-correction-6-publication.md	docs/architecture/current/architecture-entrypoint.md	CURRENT	current normative architecture/contract material
CURRENT_NORMATIVE	docs/architecture/governance/roadmap-21-execution-graph-planning-bounded-correction-7-publication.md	docs/architecture/current/architecture-entrypoint.md	CURRENT	current normative architecture/contract material
CURRENT_NORMATIVE	docs/architecture/governance/roadmap-21-execution-graph-planning-bounded-correction-8-publication.md	docs/architecture/current/architecture-entrypoint.md	CURRENT	current normative architecture/contract material
CURRENT_NORMATIVE	docs/architecture/governance/roadmap-21-execution-graph-planning-bounded-correction-9-publication.md	docs/architecture/current/architecture-entrypoint.md	CURRENT	current normative architecture/contract material
CURRENT_NORMATIVE	docs/architecture/governance/roadmap-21-execution-graph-planning-bounded-correction-publication.md	docs/architecture/current/architecture-entrypoint.md	CURRENT	current normative architecture/contract material
CURRENT_NORMATIVE	docs/architecture/governance/roadmap-21-execution-graph-planning-bounded-implementation-publication.md	docs/architecture/current/architecture-entrypoint.md	CURRENT	current normative architecture/contract material
CURRENT_NORMATIVE	docs/architecture/governance/roadmap-21-execution-graph-planning-contract-v1.md	docs/architecture/current/architecture-entrypoint.md	CURRENT	current normative architecture/contract material
CURRENT_NORMATIVE	docs/architecture/governance/roadmap-21-execution-graph-planning-correction-v1.md	docs/architecture/current/architecture-entrypoint.md	CURRENT	current normative architecture/contract material
CURRENT_NORMATIVE	docs/architecture/governance/roadmap-21-execution-graph-planning-decision-recovery.md	docs/architecture/current/architecture-entrypoint.md	CURRENT	current normative architecture/contract material
CURRENT_NORMATIVE	docs/architecture/governance/roadmap-21-execution-graph-planning-final-review-and-integration.md	docs/architecture/current/architecture-entrypoint.md	CURRENT	current normative architecture/contract material
CURRENT_NORMATIVE	docs/architecture/governance/roadmap-21-media-execution-plan-type-disposition-ledger.md	docs/architecture/current/architecture-entrypoint.md	CURRENT	current normative architecture/contract material
CURRENT_NORMATIVE	docs/architecture/governance/roadmap-21-timed-text-render-execution-coverage-architecture-correction-v1.md	docs/architecture/current/architecture-entrypoint.md	CURRENT	current normative architecture/contract material
CURRENT_NORMATIVE	docs/architecture/governance/roadmap-22-canonical-mainline-integration-through-phase-16-and-governance-amendments.md	docs/architecture/current/architecture-entrypoint.md	CURRENT	current normative architecture/contract material
CURRENT_NORMATIVE	docs/architecture/governance/roadmap-22-epoch-3-general-execution-fabric-runtime-authority-addendum-v1.md	docs/architecture/current/architecture-entrypoint.md	CURRENT	current normative architecture/contract material
CURRENT_NORMATIVE	docs/architecture/governance/roadmap-22-epoch-3-phase-packet.md	docs/architecture/current/architecture-entrypoint.md	CURRENT	current normative architecture/contract material
CURRENT_NORMATIVE	docs/architecture/governance/roadmap-22-executable-task-worker-fabric-decision-recovery.md	docs/architecture/current/architecture-entrypoint.md	CURRENT	current normative architecture/contract material
CURRENT_NORMATIVE	docs/architecture/governance/roadmap-22-native-pull-lease-execution-backend-amendment-2.md	docs/architecture/current/architecture-entrypoint.md	CURRENT	current normative architecture/contract material
CURRENT_NORMATIVE	docs/architecture/governance/roadmap-22-phase-15-plan-lowerer-runtime-adapter.md	docs/architecture/current/architecture-entrypoint.md	CURRENT	current normative architecture/contract material
CURRENT_NORMATIVE	docs/architecture/governance/roadmap-22-phase-15-provider-native-typed-invocation-correction-1.md	docs/architecture/current/architecture-entrypoint.md	CURRENT	current normative architecture/contract material
CURRENT_NORMATIVE	docs/architecture/governance/roadmap-22-phase-16-artifact-staging-materialization-reuse-closure.md	docs/architecture/current/architecture-entrypoint.md	CURRENT	current normative architecture/contract material
CURRENT_NORMATIVE	docs/architecture/governance/roadmap-22-phase-16-artifact-staging-materialization-reuse-decision-recovery.md	docs/architecture/current/architecture-entrypoint.md	CURRENT	current normative architecture/contract material
CURRENT_NORMATIVE	docs/architecture/governance/roadmap-22-phase-16-artifact-staging-materialization-reuse-implementation.md	docs/architecture/current/architecture-entrypoint.md	CURRENT	current normative architecture/contract material
CURRENT_NORMATIVE	docs/architecture/governance/roadmap-22-phase-16-correction-1-runtime-closed-loop.md	docs/architecture/current/architecture-entrypoint.md	CURRENT	current normative architecture/contract material
CURRENT_NORMATIVE	docs/architecture/governance/roadmap-22-phase-16-correction-1-test-evidence.json	docs/architecture/current/architecture-entrypoint.md	CURRENT	current normative architecture/contract material
CURRENT_NORMATIVE	docs/architecture/governance/roadmap-22-phase-16-correction-2-test-evidence.json	docs/architecture/current/architecture-entrypoint.md	CURRENT	current normative architecture/contract material
CURRENT_NORMATIVE	docs/architecture/governance/roadmap-22-phase-16-correction-2-typed-runtime-input-observability.md	docs/architecture/current/architecture-entrypoint.md	CURRENT	current normative architecture/contract material
CURRENT_NORMATIVE	docs/architecture/governance/roadmap-22-phase-16-correction-3-concurrency-output-guards.md	docs/architecture/current/architecture-entrypoint.md	CURRENT	current normative architecture/contract material
CURRENT_NORMATIVE	docs/architecture/governance/roadmap-22-phase-16-correction-3-test-evidence.json	docs/architecture/current/architecture-entrypoint.md	CURRENT	current normative architecture/contract material
CURRENT_NORMATIVE	docs/architecture/governance/roadmap-22-phase-16-decision-recovery-correction-1.md	docs/architecture/current/architecture-entrypoint.md	CURRENT	current normative architecture/contract material
CURRENT_NORMATIVE	docs/architecture/governance/roadmap-22-phase-16-fcv-hermes-verification.md	docs/architecture/current/architecture-entrypoint.md	CURRENT	current normative architecture/contract material
CURRENT_NORMATIVE	docs/architecture/governance/roadmap-22-phase-16-focused-test-evidence.json	docs/architecture/current/architecture-entrypoint.md	CURRENT	current normative architecture/contract material
CURRENT_NORMATIVE	docs/architecture/governance/roadmap-22-phase-16-governance-normalization-correction-1.md	docs/architecture/current/architecture-entrypoint.md	CURRENT	current normative architecture/contract material
CURRENT_NORMATIVE	docs/architecture/governance/roadmap-22-phase-16-p16-0-legacy-surface-ledger.tsv	docs/architecture/current/architecture-entrypoint.md	CURRENT	current normative architecture/contract material
CURRENT_NORMATIVE	docs/architecture/governance/roadmap-22-phase-17-canonical-integration-and-cleanup.md	docs/architecture/current/architecture-entrypoint.md	CURRENT	current normative architecture/contract material
CURRENT_NORMATIVE	docs/architecture/governance/roadmap-22-phase-17-sandbox-isolation-bounded-implementation.md	docs/architecture/current/architecture-entrypoint.md	CURRENT	current normative architecture/contract material
CURRENT_NORMATIVE	docs/architecture/governance/roadmap-22-phase-17-sandbox-isolation-closure.md	docs/architecture/current/architecture-entrypoint.md	CURRENT	current normative architecture/contract material
CURRENT_NORMATIVE	docs/architecture/governance/roadmap-22-phase-17-sandbox-isolation-decision-recovery.md	docs/architecture/current/architecture-entrypoint.md	CURRENT	current normative architecture/contract material
CURRENT_NORMATIVE	docs/architecture/governance/roadmap-22-phase-18-faof-2-bounded-implementation.md	docs/architecture/current/architecture-entrypoint.md	CURRENT	current normative architecture/contract material
CURRENT_NORMATIVE	docs/architecture/governance/roadmap-22-phase-18-faof-2-closure-publication.md	docs/architecture/current/architecture-entrypoint.md	CURRENT	current normative architecture/contract material
CURRENT_NORMATIVE	docs/architecture/governance/roadmap-22-phase-18-faof-2-decision-recovery-correction-1.md	docs/architecture/current/architecture-entrypoint.md	CURRENT	current normative architecture/contract material
CURRENT_NORMATIVE	docs/architecture/governance/roadmap-22-phase-18-faof-2-decision-recovery.md	docs/architecture/current/architecture-entrypoint.md	CURRENT	current normative architecture/contract material
CURRENT_NORMATIVE	docs/architecture/governance/roadmap-22-phase-18-post-integration-governance.md	docs/architecture/current/architecture-entrypoint.md	CURRENT	current normative architecture/contract material
CURRENT_NORMATIVE	docs/architecture/governance/roadmap-22-phase-19-c2-disposable-runner-final-conformance.md	docs/architecture/current/architecture-entrypoint.md	CURRENT	current normative architecture/contract material
CURRENT_NORMATIVE	docs/architecture/governance/roadmap-22-phase-19-c3-changed-paths.tsv	docs/architecture/current/architecture-entrypoint.md	CURRENT	current normative architecture/contract material
CURRENT_NORMATIVE	docs/architecture/governance/roadmap-22-phase-19-c3-ffmpeg-authority-disposition-ledger.json	docs/architecture/current/architecture-entrypoint.md	CURRENT	current normative architecture/contract material
CURRENT_NORMATIVE	docs/architecture/governance/roadmap-22-phase-19-capability-disposition-reconciliation-v1.json	docs/architecture/current/architecture-entrypoint.md	CURRENT	current normative architecture/contract material
CURRENT_NORMATIVE	docs/architecture/governance/roadmap-22-phase-19-ci-runtime-capability-correction.md	docs/architecture/current/architecture-entrypoint.md	CURRENT	current normative architecture/contract material
CURRENT_NORMATIVE	docs/architecture/governance/roadmap-22-phase-19-development-machine-disposable-runner-poc.md	docs/architecture/current/architecture-entrypoint.md	CURRENT	current normative architecture/contract material
CURRENT_NORMATIVE	docs/architecture/governance/roadmap-22-phase-19-ffmpeg-cpu-native-pull-provider-bounded-implementation.md	docs/architecture/current/architecture-entrypoint.md	CURRENT	current normative architecture/contract material
CURRENT_NORMATIVE	docs/architecture/governance/roadmap-22-phase-19-ffmpeg-plugin-migration-dual-distribution-correction.md	docs/architecture/current/architecture-entrypoint.md	CURRENT	current normative architecture/contract material
CURRENT_NORMATIVE	docs/architecture/governance/roadmap-22-phase-19-final-publication.md	docs/architecture/current/architecture-entrypoint.md	CURRENT	current normative architecture/contract material
CURRENT_NORMATIVE	docs/architecture/governance/roadmap-22-phase-19-inherited-semgrep-correction.md	docs/architecture/current/architecture-entrypoint.md	CURRENT	current normative architecture/contract material
CURRENT_NORMATIVE	docs/architecture/governance/roadmap-22-phase-19-legacy-render-ffmpeg-functional-capability-ledger-v1.json	docs/architecture/current/architecture-entrypoint.md	CURRENT	current normative architecture/contract material
CURRENT_NORMATIVE	docs/architecture/governance/roadmap-22-phase-19-render-module-ffmpeg-zero-awareness-correction-publication.md	docs/architecture/current/architecture-entrypoint.md	CURRENT	current normative architecture/contract material
CURRENT_NORMATIVE	docs/architecture/governance/roadmap-22-phase-19-render-module-ffmpeg-zero-awareness-correction.md	docs/architecture/current/architecture-entrypoint.md	CURRENT	current normative architecture/contract material
CURRENT_NORMATIVE	docs/architecture/governance/roadmap-22-phase-19-render-zero-awareness-clean-forward-path-ledger-v2.json	docs/architecture/current/architecture-entrypoint.md	CURRENT	current normative architecture/contract material
CURRENT_NORMATIVE	docs/architecture/governance/roadmap-22-phase-19-runtime-success-path-defect-correction.md	docs/architecture/current/architecture-entrypoint.md	CURRENT	current normative architecture/contract material
CURRENT_NORMATIVE	docs/architecture/governance/roadmap-22-phase-19-semgrep-target-delta-accounting-v1.json	docs/architecture/current/architecture-entrypoint.md	CURRENT	current normative architecture/contract material
CURRENT_NORMATIVE	docs/architecture/governance/roadmap-22-phase-19-test-surface-change-accounting-v1.json	docs/architecture/current/architecture-entrypoint.md	CURRENT	current normative architecture/contract material
CURRENT_NORMATIVE	docs/architecture/governance/roadmap-22-phase-20-implementation-authorization-v1.md	docs/architecture/current/architecture-entrypoint.md	CURRENT	current normative architecture/contract material
CURRENT_NORMATIVE	docs/architecture/governance/roadmap-22-phase-20-resource-accounting-hardware-provider-conformance-bounded-architecture-contract-v1.md	docs/architecture/current/architecture-entrypoint.md	CURRENT	current normative architecture/contract material
CURRENT_NORMATIVE	docs/architecture/governance/roadmap-22-phase-20-resource-accounting-hardware-provider-conformance-disposition-ledger-v1.json	docs/architecture/current/architecture-entrypoint.md	CURRENT	current normative architecture/contract material
CURRENT_NORMATIVE	docs/architecture/governance/roadmap-22-phase-20-resource-accounting-hardware-provider-conformance-implementation-closure-v1.json	docs/architecture/current/architecture-entrypoint.md	CURRENT	current normative architecture/contract material
CURRENT_NORMATIVE	docs/architecture/governance/roadmap-22-phase-20-resource-accounting-hardware-provider-conformance-repository-reality-inventory-v1.json	docs/architecture/current/architecture-entrypoint.md	CURRENT	current normative architecture/contract material
CURRENT_NORMATIVE	docs/architecture/governance/roadmap-22-pre-phase15-cip2-drift-gate-repair-v1.md	docs/architecture/current/architecture-entrypoint.md	CURRENT	current normative architecture/contract material
CURRENT_NORMATIVE	docs/architecture/governance/roadmap-22-provider-runtime-source-disposition-ledger.md	docs/architecture/current/architecture-entrypoint.md	CURRENT	current normative architecture/contract material
CURRENT_NORMATIVE	docs/architecture/governance/roadmap-22-runtime-ownership-resource-hold-completion-amendment-3.md	docs/architecture/current/architecture-entrypoint.md	CURRENT	current normative architecture/contract material
CURRENT_NORMATIVE	docs/architecture/governance/roadmap-22-shared-worker-fabric-provider-local-composition-amendment-1.md	docs/architecture/current/architecture-entrypoint.md	CURRENT	current normative architecture/contract material
CURRENT_NORMATIVE	docs/architecture/governance/roadmap-22-worker-runtime-backend-resource-accounting-amendment-1.md	docs/architecture/current/architecture-entrypoint.md	CURRENT	current normative architecture/contract material
CURRENT_NORMATIVE	docs/architecture/governance/schema-delta-registry/greenfield-schema-delta-DG-001.json	docs/architecture/current/architecture-entrypoint.md	CURRENT	current normative architecture/contract material
CURRENT_NORMATIVE	docs/architecture/governance/semantic-relationship-selection-foundation-v1.md	docs/architecture/current/architecture-entrypoint.md	CURRENT	current normative architecture/contract material
CURRENT_NORMATIVE	docs/architecture/governance/source-of-truth/ARCH-DOC-GOV-SOURCE-OF-TRUTH-MATRIX.2.md	docs/architecture/current/architecture-entrypoint.md	CURRENT	current normative architecture/contract material
CURRENT_NORMATIVE	docs/architecture/governance/source-of-truth/architecture-authority-model.md	docs/architecture/current/architecture-entrypoint.md	CURRENT	current normative architecture/contract material
CURRENT_NORMATIVE	docs/architecture/governance/source-of-truth/authority-precedence.md	docs/architecture/current/architecture-entrypoint.md	CURRENT	current normative architecture/contract material
CURRENT_NORMATIVE	docs/architecture/governance/source-of-truth/authority-resolution-phase-map.json	docs/architecture/current/architecture-entrypoint.md	CURRENT	current normative architecture/contract material
CURRENT_NORMATIVE	docs/architecture/governance/source-of-truth/conflict-adjudication.json	docs/architecture/current/architecture-entrypoint.md	CURRENT	current normative architecture/contract material
CURRENT_NORMATIVE	docs/architecture/governance/source-of-truth/domain-ownership-matrix.json	docs/architecture/current/architecture-entrypoint.md	CURRENT	current normative architecture/contract material
CURRENT_NORMATIVE	docs/architecture/governance/source-of-truth/non-authoritative-sources.md	docs/architecture/current/architecture-entrypoint.md	CURRENT	current normative architecture/contract material
CURRENT_NORMATIVE	docs/architecture/governance/source-of-truth/source-of-truth-matrix.json	docs/architecture/current/architecture-entrypoint.md	CURRENT	current normative architecture/contract material
CURRENT_NORMATIVE	docs/architecture/governance/source-of-truth/source-of-truth-scope-manifest.txt	docs/architecture/current/architecture-entrypoint.md	CURRENT	current normative architecture/contract material
CURRENT_NORMATIVE	docs/architecture/governance/storage-object-identity-and-physical-placement-authority-migration-contract-v1.md	docs/architecture/current/architecture-entrypoint.md	CURRENT	current normative architecture/contract material
CURRENT_NORMATIVE	docs/architecture/governance/storage-object-identity-placement-migration-v1/current-vs-target-fact-classification.tsv	docs/architecture/current/architecture-entrypoint.md	CURRENT	current normative architecture/contract material
CURRENT_NORMATIVE	docs/architecture/governance/storage-object-identity-placement-migration-v1/future-guard-red-control-plan.tsv	docs/architecture/current/architecture-entrypoint.md	CURRENT	current normative architecture/contract material
CURRENT_NORMATIVE	docs/architecture/governance/storage-object-identity-placement-migration-v1/migration-state-machine.tsv	docs/architecture/current/architecture-entrypoint.md	CURRENT	current normative architecture/contract material
CURRENT_NORMATIVE	docs/architecture/governance/storage-object-identity-placement-migration-v1/owner-matrix.tsv	docs/architecture/current/architecture-entrypoint.md	CURRENT	current normative architecture/contract material
CURRENT_NORMATIVE	docs/architecture/governance/storage-object-identity-placement-migration-v1/persisted-row-classification-feasibility.tsv	docs/architecture/current/architecture-entrypoint.md	CURRENT	current normative architecture/contract material
CURRENT_NORMATIVE	docs/architecture/governance/storage-object-identity-placement-migration-v1/reader-inventory.tsv	docs/architecture/current/architecture-entrypoint.md	CURRENT	current normative architecture/contract material
CURRENT_NORMATIVE	docs/architecture/governance/storage-object-identity-placement-migration-v1/schema-feasibility.tsv	docs/architecture/current/architecture-entrypoint.md	CURRENT	current normative architecture/contract material
CURRENT_NORMATIVE	docs/architecture/governance/storage-object-identity-placement-migration-v1/temporary-compatibility-removal-ledger.tsv	docs/architecture/current/architecture-entrypoint.md	CURRENT	current normative architecture/contract material
CURRENT_NORMATIVE	docs/architecture/governance/storage-object-identity-placement-migration-v1/writer-inventory.tsv	docs/architecture/current/architecture-entrypoint.md	CURRENT	current normative architecture/contract material
CURRENT_NORMATIVE	docs/architecture/governance/superseded-archive-mapping.tsv	docs/architecture/current/architecture-entrypoint.md	CURRENT	current normative architecture/contract material
CURRENT_NORMATIVE	docs/architecture/governance/tag-release/governance-tag-registry.json	docs/architecture/current/architecture-entrypoint.md	CURRENT	current normative architecture/contract material
CURRENT_NORMATIVE	docs/architecture/governance/tag-release/tag-release-governance-contract.md	docs/architecture/current/architecture-entrypoint.md	CURRENT	current normative architecture/contract material
CURRENT_NORMATIVE	docs/architecture/governance/temporal-mapping-foundation-v1.md	docs/architecture/current/architecture-entrypoint.md	CURRENT	current normative architecture/contract material
CURRENT_NORMATIVE	docs/architecture/governance/timeline-effect-transition-canonicalization-v1-fifth-correction-publication-record.md	docs/architecture/current/architecture-entrypoint.md	CURRENT	current normative architecture/contract material
CURRENT_NORMATIVE	docs/architecture/governance/timeline-effect-transition-canonicalization-v1-fifth-correction.md	docs/architecture/current/architecture-entrypoint.md	CURRENT	current normative architecture/contract material
CURRENT_NORMATIVE	docs/architecture/governance/timeline-effect-transition-canonicalization-v1-final-review-correction-publication-record.md	docs/architecture/current/architecture-entrypoint.md	CURRENT	current normative architecture/contract material
CURRENT_NORMATIVE	docs/architecture/governance/timeline-effect-transition-canonicalization-v1-final-review-correction.md	docs/architecture/current/architecture-entrypoint.md	CURRENT	current normative architecture/contract material
CURRENT_NORMATIVE	docs/architecture/governance/timeline-effect-transition-canonicalization-v1-fourth-correction-publication-record.md	docs/architecture/current/architecture-entrypoint.md	CURRENT	current normative architecture/contract material
CURRENT_NORMATIVE	docs/architecture/governance/timeline-effect-transition-canonicalization-v1-fourth-correction.md	docs/architecture/current/architecture-entrypoint.md	CURRENT	current normative architecture/contract material
CURRENT_NORMATIVE	docs/architecture/governance/timeline-effect-transition-canonicalization-v1-publication-record.md	docs/architecture/current/architecture-entrypoint.md	CURRENT	current normative architecture/contract material
CURRENT_NORMATIVE	docs/architecture/governance/timeline-effect-transition-canonicalization-v1-second-correction-publication-record.md	docs/architecture/current/architecture-entrypoint.md	CURRENT	current normative architecture/contract material
CURRENT_NORMATIVE	docs/architecture/governance/timeline-effect-transition-canonicalization-v1-second-correction.md	docs/architecture/current/architecture-entrypoint.md	CURRENT	current normative architecture/contract material
CURRENT_NORMATIVE	docs/architecture/governance/timeline-effect-transition-canonicalization-v1-sixth-correction-publication-record.md	docs/architecture/current/architecture-entrypoint.md	CURRENT	current normative architecture/contract material
CURRENT_NORMATIVE	docs/architecture/governance/timeline-effect-transition-canonicalization-v1-sixth-correction.md	docs/architecture/current/architecture-entrypoint.md	CURRENT	current normative architecture/contract material
CURRENT_NORMATIVE	docs/architecture/governance/timeline-effect-transition-canonicalization-v1-third-correction-publication-record.md	docs/architecture/current/architecture-entrypoint.md	CURRENT	current normative architecture/contract material
CURRENT_NORMATIVE	docs/architecture/governance/timeline-effect-transition-canonicalization-v1-third-correction.md	docs/architecture/current/architecture-entrypoint.md	CURRENT	current normative architecture/contract material
CURRENT_NORMATIVE	docs/architecture/governance/timeline-effect-transition-canonicalization-v1.md	docs/architecture/current/architecture-entrypoint.md	CURRENT	current normative architecture/contract material
CURRENT_NORMATIVE	docs/architecture/governance/validation-report-2026-09-22.md	docs/architecture/current/architecture-entrypoint.md	CURRENT	current normative architecture/contract material
CURRENT_NORMATIVE	docs/architecture/governance/version-compatibility-governance-foundation-v1.md	docs/architecture/current/architecture-entrypoint.md	CURRENT	current normative architecture/contract material
CURRENT_NORMATIVE	docs/architecture/h7-input-boundary.md	docs/architecture/current/architecture-entrypoint.md	CURRENT	architecture support; verify fact-state labels
CURRENT_NORMATIVE	docs/architecture/integration-lab-architecture.md	docs/architecture/current/architecture-entrypoint.md	CURRENT	architecture support; verify fact-state labels
CURRENT_NORMATIVE	docs/architecture/maps/README.md	docs/architecture/current/architecture-entrypoint.md	CURRENT	architecture support; verify fact-state labels
CURRENT_NORMATIVE	docs/architecture/maps/architecture-identifiers.yaml	docs/architecture/current/architecture-entrypoint.md	CURRENT	architecture support; verify fact-state labels
GENERATED_DERIVED	docs/architecture/maps/exports/html/robots.txt	docs/architecture/maps/likec4/media-platform.likec4	GENERATED	generated artifact
CURRENT_NORMATIVE	docs/architecture/maps/exports.json	docs/architecture/current/architecture-entrypoint.md	CURRENT	architecture support; verify fact-state labels
GENERATED_DERIVED	docs/architecture/maps/generated/README.md	docs/architecture/maps/likec4/media-platform.likec4	GENERATED	generated artifact
CURRENT_NORMATIVE	docs/architecture/maps/likec4/README.md	docs/architecture/current/architecture-entrypoint.md	CURRENT	current normative architecture/contract material
CURRENT_NORMATIVE	docs/architecture/maps/likec4/media-platform.likec4	docs/architecture/current/architecture-entrypoint.md	CURRENT	current normative architecture/contract material
CURRENT_NORMATIVE	docs/architecture/maps/structurizr/README.md	docs/architecture/current/architecture-entrypoint.md	CURRENT	architecture support; verify fact-state labels
CURRENT_NORMATIVE	docs/architecture/p4-import-export-architecture.md	docs/architecture/current/architecture-entrypoint.md	CURRENT	architecture support; verify fact-state labels
CURRENT_NORMATIVE	docs/architecture/platform-architecture-assessment.md	docs/architecture/current/architecture-entrypoint.md	CURRENT	architecture support; verify fact-state labels
CURRENT_NORMATIVE	docs/architecture/platform-constitution-v1.md	docs/architecture/current/architecture-entrypoint.md	CURRENT	architecture support; verify fact-state labels
CURRENT_NORMATIVE	docs/architecture/platform-fact-gathering-report.md	docs/architecture/current/architecture-entrypoint.md	CURRENT	architecture support; verify fact-state labels
CURRENT_NORMATIVE	docs/architecture/platform-governance.md	docs/architecture/current/architecture-entrypoint.md	CURRENT	architecture support; verify fact-state labels
CURRENT_NORMATIVE	docs/architecture/platform-kernel.md	docs/architecture/current/architecture-entrypoint.md	CURRENT	architecture support; verify fact-state labels
CURRENT_NORMATIVE	docs/architecture/platform-positioning.md	docs/architecture/current/architecture-entrypoint.md	CURRENT	architecture support; verify fact-state labels
CURRENT_NORMATIVE	docs/architecture/platform-roadmap.md	docs/architecture/current/architecture-entrypoint.md	CURRENT	architecture support; verify fact-state labels
CURRENT_NORMATIVE	docs/architecture/plugin-package-manifest.md	docs/architecture/current/architecture-entrypoint.md	CURRENT	architecture support; verify fact-state labels
CURRENT_NORMATIVE	docs/architecture/plugin-trust-model.md	docs/architecture/current/architecture-entrypoint.md	CURRENT	architecture support; verify fact-state labels
CURRENT_NORMATIVE	docs/architecture/producer-runtime.md	docs/architecture/current/architecture-entrypoint.md	CURRENT	architecture support; verify fact-state labels
CURRENT_NORMATIVE	docs/architecture/product-runtime.md	docs/architecture/current/architecture-entrypoint.md	CURRENT	architecture support; verify fact-state labels
CURRENT_NORMATIVE	docs/architecture/provider-capability-binding-dsl.md	docs/architecture/current/architecture-entrypoint.md	CURRENT	architecture support; verify fact-state labels
CURRENT_NORMATIVE	docs/architecture/public-capability-architecture.md	docs/architecture/current/architecture-entrypoint.md	CURRENT	architecture support; verify fact-state labels
CURRENT_NORMATIVE	docs/architecture/public-capability-composition.md	docs/architecture/current/architecture-entrypoint.md	CURRENT	architecture support; verify fact-state labels
CURRENT_NORMATIVE	docs/architecture/quarantine/v5/render-output-commit-current-state.md	docs/architecture/current/architecture-entrypoint.md	CURRENT	architecture support; verify fact-state labels
CURRENT_NORMATIVE	docs/architecture/quarantine/v5/render-output-commit-failure-window-matrix.md	docs/architecture/current/architecture-entrypoint.md	CURRENT	architecture support; verify fact-state labels
CURRENT_NORMATIVE	docs/architecture/quarantine/v5/render-output-commit-implementation-roadmap.md	docs/architecture/current/architecture-entrypoint.md	CURRENT	architecture support; verify fact-state labels
CURRENT_NORMATIVE	docs/architecture/quarantine/v5/render-output-commit-protocol-closeout.md	docs/architecture/current/architecture-entrypoint.md	CURRENT	architecture support; verify fact-state labels
CURRENT_NORMATIVE	docs/architecture/quarantine/v5/render-output-commit-protocol-errata.md	docs/architecture/current/architecture-entrypoint.md	CURRENT	architecture support; verify fact-state labels
CURRENT_NORMATIVE	docs/architecture/quarantine/v5/render-output-commit-schema-proposal.md	docs/architecture/current/architecture-entrypoint.md	CURRENT	architecture support; verify fact-state labels
CURRENT_NORMATIVE	docs/architecture/quarantine/v5/render-output-commit-target-state.md	docs/architecture/current/architecture-entrypoint.md	CURRENT	architecture support; verify fact-state labels
CURRENT_NORMATIVE	docs/architecture/quarantine/v5/render-output-commit-verification-contract.md	docs/architecture/current/architecture-entrypoint.md	CURRENT	architecture support; verify fact-state labels
CURRENT_NORMATIVE	docs/architecture/reference/dag-versioning-and-workflow-systems.md	docs/architecture/current/architecture-entrypoint.md	CURRENT	architecture support; verify fact-state labels
CURRENT_NORMATIVE	docs/architecture/reference/timeline-versioning-and-vedit-review.md	docs/architecture/current/architecture-entrypoint.md	CURRENT	architecture support; verify fact-state labels
CURRENT_NORMATIVE	docs/architecture/remote-worker-runtime-contract.md	docs/architecture/current/architecture-entrypoint.md	CURRENT	architecture support; verify fact-state labels
CURRENT_NORMATIVE	docs/architecture/render-farm-readiness-and-worker-lease-design.md	docs/architecture/current/architecture-entrypoint.md	CURRENT	architecture support; verify fact-state labels
CURRENT_NORMATIVE	docs/architecture/runtime-governance.md	docs/architecture/current/architecture-entrypoint.md	CURRENT	architecture support; verify fact-state labels
CURRENT_NORMATIVE	docs/architecture/storage-runtime.md	docs/architecture/current/architecture-entrypoint.md	CURRENT	architecture support; verify fact-state labels
CURRENT_NORMATIVE	docs/architecture/template-workflow-integration.md	docs/architecture/current/architecture-entrypoint.md	CURRENT	architecture support; verify fact-state labels
CURRENT_NORMATIVE	docs/architecture/timeline-diff-design-boundaries.md	docs/architecture/current/architecture-entrypoint.md	CURRENT	architecture support; verify fact-state labels
CURRENT_NORMATIVE	docs/architecture/workflow-platform.md	docs/architecture/current/architecture-entrypoint.md	CURRENT	architecture support; verify fact-state labels
CURRENT_OPERATIONAL	docs/architecture-decisions.md	docs/documentation/documentation-index.md	CURRENT	supporting current documentation
CURRENT_OPERATIONAL	docs/architecture-notes.md	docs/documentation/documentation-index.md	CURRENT	supporting current documentation
ARCHIVED	docs/archive/README-ZH.md	docs/architecture/current/architecture-entrypoint.md	HISTORICAL	retained historical material
ARCHIVED	docs/archive/README.md	docs/architecture/current/architecture-entrypoint.md	HISTORICAL	retained historical material
ARCHIVED	docs/archive/abac-feature-flag-integration.md	docs/architecture/current/architecture-entrypoint.md	HISTORICAL	retained historical material
ARCHIVED	docs/archive/access-decision-service.md	docs/architecture/current/architecture-entrypoint.md	HISTORICAL	retained historical material
ARCHIVED	docs/archive/advanced-effects-pipeline.md	docs/architecture/current/architecture-entrypoint.md	HISTORICAL	retained historical material
ARCHIVED	docs/archive/ai-engine-spi.md	docs/architecture/current/architecture-entrypoint.md	HISTORICAL	retained historical material
ARCHIVED	docs/archive/api-strategy-rest-openapi-graphql-mcp.md	docs/architecture/current/architecture-entrypoint.md	HISTORICAL	retained historical material
ARCHIVED	docs/archive/api-versioning.md	docs/architecture/current/architecture-entrypoint.md	HISTORICAL	retained historical material
ARCHIVED	docs/archive/architecture-decisions.md	docs/architecture/current/architecture-entrypoint.md	HISTORICAL	retained historical material
ARCHIVED	docs/archive/architecture-notes.md	docs/architecture/current/architecture-entrypoint.md	HISTORICAL	retained historical material
ARCHIVED	docs/archive/asdf-vm.md	docs/architecture/current/architecture-entrypoint.md	HISTORICAL	retained historical material
ARCHIVED	docs/archive/code-style-and-naming-conventions.md	docs/architecture/current/architecture-entrypoint.md	HISTORICAL	retained historical material
ARCHIVED	docs/archive/commerce-payment-billing-entitlement.md	docs/architecture/current/architecture-entrypoint.md	HISTORICAL	retained historical material
ARCHIVED	docs/archive/comprehensive-project-review-report.md	docs/architecture/current/architecture-entrypoint.md	HISTORICAL	retained historical material
ARCHIVED	docs/archive/configurable-navigation.md	docs/architecture/current/architecture-entrypoint.md	HISTORICAL	retained historical material
ARCHIVED	docs/archive/cost-control.md	docs/architecture/current/architecture-entrypoint.md	HISTORICAL	retained historical material
ARCHIVED	docs/archive/credit-wallet.md	docs/architecture/current/architecture-entrypoint.md	HISTORICAL	retained historical material
ARCHIVED	docs/archive/custom-pricing.md	docs/architecture/current/architecture-entrypoint.md	HISTORICAL	retained historical material
ARCHIVED	docs/archive/database-schema.md	docs/architecture/current/architecture-entrypoint.md	HISTORICAL	retained historical material
ARCHIVED	docs/archive/deployment-resource-requirements.md	docs/architecture/current/architecture-entrypoint.md	HISTORICAL	retained historical material
ARCHIVED	docs/archive/docker-external-config.md	docs/architecture/current/architecture-entrypoint.md	HISTORICAL	retained historical material
ARCHIVED	docs/archive/docs-cn/00-overview/01-project-overview.md	docs/architecture/current/architecture-entrypoint.md	HISTORICAL	retained historical material
ARCHIVED	docs/archive/docs-cn/00-overview/02-project-status.md	docs/architecture/current/architecture-entrypoint.md	HISTORICAL	retained historical material
ARCHIVED	docs/archive/docs-cn/01-architecture/01-system-architecture.md	docs/architecture/current/architecture-entrypoint.md	HISTORICAL	retained historical material
ARCHIVED	docs/archive/docs-cn/01-architecture/02-backend-architecture.md	docs/architecture/current/architecture-entrypoint.md	HISTORICAL	retained historical material
ARCHIVED	docs/archive/docs-cn/01-architecture/03-module-architecture.md	docs/architecture/current/architecture-entrypoint.md	HISTORICAL	retained historical material
ARCHIVED	docs/archive/docs-cn/01-architecture/04-frontend-architecture.md	docs/architecture/current/architecture-entrypoint.md	HISTORICAL	retained historical material
ARCHIVED	docs/archive/docs-cn/01-architecture/05-request-flows.md	docs/architecture/current/architecture-entrypoint.md	HISTORICAL	retained historical material
ARCHIVED	docs/archive/docs-cn/01-architecture/06-data-architecture.md	docs/architecture/current/architecture-entrypoint.md	HISTORICAL	retained historical material
ARCHIVED	docs/archive/docs-cn/01-architecture/07-architecture-decisions.md	docs/architecture/current/architecture-entrypoint.md	HISTORICAL	retained historical material
ARCHIVED	docs/archive/docs-cn/01-architecture/08-deployment-architecture.md	docs/architecture/current/architecture-entrypoint.md	HISTORICAL	retained historical material
ARCHIVED	docs/archive/docs-cn/02-modules/01-core-modules.md	docs/architecture/current/architecture-entrypoint.md	HISTORICAL	retained historical material
ARCHIVED	docs/archive/docs-cn/02-modules/02-media-modules.md	docs/architecture/current/architecture-entrypoint.md	HISTORICAL	retained historical material
ARCHIVED	docs/archive/docs-cn/02-modules/03-business-modules.md	docs/architecture/current/architecture-entrypoint.md	HISTORICAL	retained historical material
ARCHIVED	docs/archive/docs-cn/02-modules/04-platform-modules.md	docs/architecture/current/architecture-entrypoint.md	HISTORICAL	retained historical material
ARCHIVED	docs/archive/docs-cn/03-media-rendering/01-render-pipeline.md	docs/architecture/current/architecture-entrypoint.md	HISTORICAL	retained historical material
ARCHIVED	docs/archive/docs-cn/03-media-rendering/02-provider-registration.md	docs/architecture/current/architecture-entrypoint.md	HISTORICAL	retained historical material
ARCHIVED	docs/archive/docs-cn/03-media-rendering/03-provider-roadmap.md	docs/architecture/current/architecture-entrypoint.md	HISTORICAL	retained historical material
ARCHIVED	docs/archive/docs-cn/03-media-rendering/04-media-probe.md	docs/architecture/current/architecture-entrypoint.md	HISTORICAL	retained historical material
ARCHIVED	docs/archive/docs-cn/03-media-rendering/05-subtitle-burn-in.md	docs/architecture/current/architecture-entrypoint.md	HISTORICAL	retained historical material
ARCHIVED	docs/archive/docs-cn/04-frontend/01-editor-workbench.md	docs/architecture/current/architecture-entrypoint.md	HISTORICAL	retained historical material
ARCHIVED	docs/archive/docs-cn/04-frontend/02-editor-timeline.md	docs/architecture/current/architecture-entrypoint.md	HISTORICAL	retained historical material
ARCHIVED	docs/archive/docs-cn/04-frontend/03-editor-export.md	docs/architecture/current/architecture-entrypoint.md	HISTORICAL	retained historical material
ARCHIVED	docs/archive/docs-cn/04-frontend/04-editor-upload.md	docs/architecture/current/architecture-entrypoint.md	HISTORICAL	retained historical material
ARCHIVED	docs/archive/docs-cn/04-frontend/05-user-portal.md	docs/architecture/current/architecture-entrypoint.md	HISTORICAL	retained historical material
ARCHIVED	docs/archive/docs-cn/04-frontend/06-admin-console.md	docs/architecture/current/architecture-entrypoint.md	HISTORICAL	retained historical material
ARCHIVED	docs/archive/docs-cn/04-frontend/07-frontend-api.md	docs/architecture/current/architecture-entrypoint.md	HISTORICAL	retained historical material
ARCHIVED	docs/archive/docs-cn/04-frontend/08-feature-flag-ui.md	docs/architecture/current/architecture-entrypoint.md	HISTORICAL	retained historical material
ARCHIVED	docs/archive/docs-cn/04-frontend/09-collaboration-features.md	docs/architecture/current/architecture-entrypoint.md	HISTORICAL	retained historical material
ARCHIVED	docs/archive/docs-cn/05-access-entitlement-billing/01-entitlement.md	docs/architecture/current/architecture-entrypoint.md	HISTORICAL	retained historical material
ARCHIVED	docs/archive/docs-cn/05-access-entitlement-billing/02-access-decision.md	docs/architecture/current/architecture-entrypoint.md	HISTORICAL	retained historical material
ARCHIVED	docs/archive/docs-cn/05-access-entitlement-billing/03-feature-flag-governance.md	docs/architecture/current/architecture-entrypoint.md	HISTORICAL	retained historical material
ARCHIVED	docs/archive/docs-cn/05-access-entitlement-billing/04-configurable-navigation.md	docs/architecture/current/architecture-entrypoint.md	HISTORICAL	retained historical material
ARCHIVED	docs/archive/docs-cn/05-access-entitlement-billing/05-cost-control.md	docs/architecture/current/architecture-entrypoint.md	HISTORICAL	retained historical material
ARCHIVED	docs/archive/docs-cn/05-access-entitlement-billing/06-reconciliation.md	docs/architecture/current/architecture-entrypoint.md	HISTORICAL	retained historical material
ARCHIVED	docs/archive/docs-cn/05-access-entitlement-billing/07-billing-models.md	docs/architecture/current/architecture-entrypoint.md	HISTORICAL	retained historical material
ARCHIVED	docs/archive/docs-cn/05-access-entitlement-billing/08-policy-composition-examples.md	docs/architecture/current/architecture-entrypoint.md	HISTORICAL	retained historical material
ARCHIVED	docs/archive/docs-cn/05-access-entitlement-billing/09-future-extensions.md	docs/architecture/current/architecture-entrypoint.md	HISTORICAL	retained historical material
ARCHIVED	docs/archive/docs-cn/05-access-entitlement-billing/10-error-codes-and-audit.md	docs/architecture/current/architecture-entrypoint.md	HISTORICAL	retained historical material
ARCHIVED	docs/archive/docs-cn/05-access-entitlement-billing/11-multi-user-collaboration.md	docs/architecture/current/architecture-entrypoint.md	HISTORICAL	retained historical material
ARCHIVED	docs/archive/docs-cn/05-access-entitlement-billing/12-collaboration-apis.md	docs/architecture/current/architecture-entrypoint.md	HISTORICAL	retained historical material
ARCHIVED	docs/archive/docs-cn/06-api/01-api-strategy.md	docs/architecture/current/architecture-entrypoint.md	HISTORICAL	retained historical material
ARCHIVED	docs/archive/docs-cn/06-api/02-openapi.md	docs/architecture/current/architecture-entrypoint.md	HISTORICAL	retained historical material
ARCHIVED	docs/archive/docs-cn/06-api/03-graphql.md	docs/architecture/current/architecture-entrypoint.md	HISTORICAL	retained historical material
ARCHIVED	docs/archive/docs-cn/07-prompt-ai-nlq/01-prompt-engineering.md	docs/architecture/current/architecture-entrypoint.md	HISTORICAL	retained historical material
ARCHIVED	docs/archive/docs-cn/07-prompt-ai-nlq/02-prompt-extensions.md	docs/architecture/current/architecture-entrypoint.md	HISTORICAL	retained historical material
ARCHIVED	docs/archive/docs-cn/07-prompt-ai-nlq/03-nlq.md	docs/architecture/current/architecture-entrypoint.md	HISTORICAL	retained historical material
ARCHIVED	docs/archive/docs-cn/08-extension-platform/01-extension-platform.md	docs/architecture/current/architecture-entrypoint.md	HISTORICAL	retained historical material
ARCHIVED	docs/archive/docs-cn/08-extension-platform/02-sandbox-runtime.md	docs/architecture/current/architecture-entrypoint.md	HISTORICAL	retained historical material
ARCHIVED	docs/archive/docs-cn/09-observability-quality/01-observability.md	docs/architecture/current/architecture-entrypoint.md	HISTORICAL	retained historical material
ARCHIVED	docs/archive/docs-cn/09-observability-quality/02-third-party-monitoring.md	docs/architecture/current/architecture-entrypoint.md	HISTORICAL	retained historical material
ARCHIVED	docs/archive/docs-cn/09-observability-quality/03-problematic-data.md	docs/architecture/current/architecture-entrypoint.md	HISTORICAL	retained historical material
ARCHIVED	docs/archive/docs-cn/09-observability-quality/04-anomaly-detection.md	docs/architecture/current/architecture-entrypoint.md	HISTORICAL	retained historical material
ARCHIVED	docs/archive/docs-cn/09-observability-quality/05-feedback-monitoring.md	docs/architecture/current/architecture-entrypoint.md	HISTORICAL	retained historical material
ARCHIVED	docs/archive/docs-cn/10-deployment-ops/01-deployment.md	docs/architecture/current/architecture-entrypoint.md	HISTORICAL	retained historical material
ARCHIVED	docs/archive/docs-cn/10-deployment-ops/02-deployment-checklist.md	docs/architecture/current/architecture-entrypoint.md	HISTORICAL	retained historical material
ARCHIVED	docs/archive/docs-cn/10-deployment-ops/03-demo-script.md	docs/architecture/current/architecture-entrypoint.md	HISTORICAL	retained historical material
ARCHIVED	docs/archive/docs-cn/10-deployment-ops/04-rollback.md	docs/architecture/current/architecture-entrypoint.md	HISTORICAL	retained historical material
ARCHIVED	docs/archive/docs-cn/11-development/01-code-style.md	docs/architecture/current/architecture-entrypoint.md	HISTORICAL	retained historical material
ARCHIVED	docs/archive/docs-cn/11-development/02-module-structure.md	docs/architecture/current/architecture-entrypoint.md	HISTORICAL	retained historical material
ARCHIVED	docs/archive/docs-cn/11-development/03-security.md	docs/architecture/current/architecture-entrypoint.md	HISTORICAL	retained historical material
ARCHIVED	docs/archive/docs-cn/11-development/04-error-handling.md	docs/architecture/current/architecture-entrypoint.md	HISTORICAL	retained historical material
ARCHIVED	docs/archive/docs-cn/12-review/01-production-blockers.md	docs/architecture/current/architecture-entrypoint.md	HISTORICAL	retained historical material
ARCHIVED	docs/archive/docs-cn/12-review/02-technical-debt.md	docs/architecture/current/architecture-entrypoint.md	HISTORICAL	retained historical material
ARCHIVED	docs/archive/docs-cn/12-review/03-review-checklists.md	docs/architecture/current/architecture-entrypoint.md	HISTORICAL	retained historical material
ARCHIVED	docs/archive/docs-cn/12-review/04-documentation-audit-report.md	docs/architecture/current/architecture-entrypoint.md	HISTORICAL	retained historical material
ARCHIVED	docs/archive/docs-cn/README.md	docs/architecture/current/architecture-entrypoint.md	HISTORICAL	retained historical material
ARCHIVED	docs/archive/docs-cn/index.md	docs/architecture/current/architecture-entrypoint.md	HISTORICAL	retained historical material
ARCHIVED	docs/archive/documentation-gap-report.md	docs/architecture/current/architecture-entrypoint.md	HISTORICAL	retained historical material
ARCHIVED	docs/archive/dynamic-extension-platform-upgrade.md	docs/architecture/current/architecture-entrypoint.md	HISTORICAL	retained historical material
ARCHIVED	docs/archive/dynamic-extension-usage.md	docs/architecture/current/architecture-entrypoint.md	HISTORICAL	retained historical material
ARCHIVED	docs/archive/editor-export-flow.md	docs/architecture/current/architecture-entrypoint.md	HISTORICAL	retained historical material
ARCHIVED	docs/archive/editor-timeline-interactions.md	docs/architecture/current/architecture-entrypoint.md	HISTORICAL	retained historical material
ARCHIVED	docs/archive/editor-upload-and-demo-project.md	docs/architecture/current/architecture-entrypoint.md	HISTORICAL	retained historical material
ARCHIVED	docs/archive/effect-pack-schema.md	docs/architecture/current/architecture-entrypoint.md	HISTORICAL	retained historical material
ARCHIVED	docs/archive/entitlement-policy.md	docs/architecture/current/architecture-entrypoint.md	HISTORICAL	retained historical material
ARCHIVED	docs/archive/error-handling-design.md	docs/architecture/current/architecture-entrypoint.md	HISTORICAL	retained historical material
ARCHIVED	docs/archive/event-flow-monetization.md	docs/architecture/current/architecture-entrypoint.md	HISTORICAL	retained historical material
ARCHIVED	docs/archive/export-validation.md	docs/architecture/current/architecture-entrypoint.md	HISTORICAL	retained historical material
ARCHIVED	docs/archive/extension-module-boundary.md	docs/architecture/current/architecture-entrypoint.md	HISTORICAL	retained historical material
ARCHIVED	docs/archive/external-billing-integrations.md	docs/architecture/current/architecture-entrypoint.md	HISTORICAL	retained historical material
ARCHIVED	docs/archive/feature-flag-governance.md	docs/architecture/current/architecture-entrypoint.md	HISTORICAL	retained historical material
ARCHIVED	docs/archive/feedback-monitoring.md	docs/architecture/current/architecture-entrypoint.md	HISTORICAL	retained historical material
ARCHIVED	docs/archive/final-project-status.md	docs/architecture/current/architecture-entrypoint.md	HISTORICAL	retained historical material
ARCHIVED	docs/archive/flexible-billing-models.md	docs/architecture/current/architecture-entrypoint.md	HISTORICAL	retained historical material
ARCHIVED	docs/archive/font-embedding.md	docs/architecture/current/architecture-entrypoint.md	HISTORICAL	retained historical material
ARCHIVED	docs/archive/frontend-admin-console.md	docs/architecture/current/architecture-entrypoint.md	HISTORICAL	retained historical material
ARCHIVED	docs/archive/frontend-api-usage.md	docs/architecture/current/architecture-entrypoint.md	HISTORICAL	retained historical material
ARCHIVED	docs/archive/frontend-editor-workbench-ui.md	docs/architecture/current/architecture-entrypoint.md	HISTORICAL	retained historical material
ARCHIVED	docs/archive/frontend-effects-panel.md	docs/architecture/current/architecture-entrypoint.md	HISTORICAL	retained historical material
ARCHIVED	docs/archive/frontend-entitlement-management.md	docs/architecture/current/architecture-entrypoint.md	HISTORICAL	retained historical material
ARCHIVED	docs/archive/frontend-feature-flag-management.md	docs/architecture/current/architecture-entrypoint.md	HISTORICAL	retained historical material
ARCHIVED	docs/archive/frontend-i18n-error.md	docs/architecture/current/architecture-entrypoint.md	HISTORICAL	retained historical material
ARCHIVED	docs/archive/frontend-operation-manual.md	docs/architecture/current/architecture-entrypoint.md	HISTORICAL	retained historical material
ARCHIVED	docs/archive/frontend-test-known-issues.md	docs/architecture/current/architecture-entrypoint.md	HISTORICAL	retained historical material
ARCHIVED	docs/archive/frontend-ui-review-report.md	docs/architecture/current/architecture-entrypoint.md	HISTORICAL	retained historical material
ARCHIVED	docs/archive/frontend-user-portal.md	docs/architecture/current/architecture-entrypoint.md	HISTORICAL	retained historical material
ARCHIVED	docs/archive/full-project-review-report.md	docs/architecture/current/architecture-entrypoint.md	HISTORICAL	retained historical material
ARCHIVED	docs/archive/governance-2026-09-22/documentation-index.md	docs/architecture/current/architecture-entrypoint.md	HISTORICAL	retained historical material
ARCHIVED	docs/archive/governance-2026-09-22/flyway-baseline-runbook.md	docs/architecture/current/architecture-entrypoint.md	HISTORICAL	retained historical material
ARCHIVED	docs/archive/governance-2026-09-22/flyway-migration-baseline.md	docs/architecture/current/architecture-entrypoint.md	HISTORICAL	retained historical material
ARCHIVED	docs/archive/governance-2026-09-22/flyway-migration-guide.md	docs/architecture/current/architecture-entrypoint.md	HISTORICAL	retained historical material
ARCHIVED	docs/archive/governance-2026-09-22/preservation-manifest.json	docs/architecture/current/architecture-entrypoint.md	HISTORICAL	retained historical material
ARCHIVED	docs/archive/gpac-provider.md	docs/architecture/current/architecture-entrypoint.md	HISTORICAL	retained historical material
ARCHIVED	docs/archive/gpu-rendering.md	docs/architecture/current/architecture-entrypoint.md	HISTORICAL	retained historical material
ARCHIVED	docs/archive/graphql-frontend-usage.md	docs/architecture/current/architecture-entrypoint.md	HISTORICAL	retained historical material
ARCHIVED	docs/archive/graphql-future-evolution.md	docs/architecture/current/architecture-entrypoint.md	HISTORICAL	retained historical material
ARCHIVED	docs/archive/graphql-query-aggregation.md	docs/architecture/current/architecture-entrypoint.md	HISTORICAL	retained historical material
ARCHIVED	docs/archive/graphql-schema-overview.md	docs/architecture/current/architecture-entrypoint.md	HISTORICAL	retained historical material
ARCHIVED	docs/archive/graphql-security-and-limits.md	docs/architecture/current/architecture-entrypoint.md	HISTORICAL	retained historical material
ARCHIVED	docs/archive/gstreamer-provider.md	docs/architecture/current/architecture-entrypoint.md	HISTORICAL	retained historical material
ARCHIVED	docs/archive/human-review-needed.md	docs/architecture/current/architecture-entrypoint.md	HISTORICAL	retained historical material
ARCHIVED	docs/archive/infrastructure-as-code.md	docs/architecture/current/architecture-entrypoint.md	HISTORICAL	retained historical material
ARCHIVED	docs/archive/javacv-migration-guide.md	docs/architecture/current/architecture-entrypoint.md	HISTORICAL	retained historical material
ARCHIVED	docs/archive/jooq-workflow.md	docs/architecture/current/architecture-entrypoint.md	HISTORICAL	retained historical material
ARCHIVED	docs/archive/kilo-execution-summary.md	docs/architecture/current/architecture-entrypoint.md	HISTORICAL	retained historical material
ARCHIVED	docs/archive/layering-and-open-source.md	docs/architecture/current/architecture-entrypoint.md	HISTORICAL	retained historical material
ARCHIVED	docs/archive/liteflow-temporal-architecture.md	docs/architecture/current/architecture-entrypoint.md	HISTORICAL	retained historical material
ARCHIVED	docs/archive/manual-demo-script.md	docs/architecture/current/architecture-entrypoint.md	HISTORICAL	retained historical material
ARCHIVED	docs/archive/media-probe-service.md	docs/architecture/current/architecture-entrypoint.md	HISTORICAL	retained historical material
ARCHIVED	docs/archive/media-processing-module.md	docs/architecture/current/architecture-entrypoint.md	HISTORICAL	retained historical material
ARCHIVED	docs/archive/mlt-provider.md	docs/architecture/current/architecture-entrypoint.md	HISTORICAL	retained historical material
ARCHIVED	docs/archive/module-boundaries.md	docs/architecture/current/architecture-entrypoint.md	HISTORICAL	retained historical material
ARCHIVED	docs/archive/module-package-structure.md	docs/architecture/current/architecture-entrypoint.md	HISTORICAL	retained historical material
ARCHIVED	docs/archive/multi-language-subtitle.md	docs/architecture/current/architecture-entrypoint.md	HISTORICAL	retained historical material
ARCHIVED	docs/archive/multi-provider-orchestration.md	docs/architecture/current/architecture-entrypoint.md	HISTORICAL	retained historical material
ARCHIVED	docs/archive/natural-language-query-assistant.md	docs/architecture/current/architecture-entrypoint.md	HISTORICAL	retained historical material
ARCHIVED	docs/archive/nix.md	docs/architecture/current/architecture-entrypoint.md	HISTORICAL	retained historical material
ARCHIVED	docs/archive/notification-integrations.md	docs/architecture/current/architecture-entrypoint.md	HISTORICAL	retained historical material
ARCHIVED	docs/archive/notification-template-management.md	docs/architecture/current/architecture-entrypoint.md	HISTORICAL	retained historical material
ARCHIVED	docs/archive/observability.md	docs/architecture/current/architecture-entrypoint.md	HISTORICAL	retained historical material
ARCHIVED	docs/archive/ofx-provider.md	docs/architecture/current/architecture-entrypoint.md	HISTORICAL	retained historical material
ARCHIVED	docs/archive/openapi-mcp-integration.md	docs/architecture/current/architecture-entrypoint.md	HISTORICAL	retained historical material
ARCHIVED	docs/archive/openfeature-integration.md	docs/architecture/current/architecture-entrypoint.md	HISTORICAL	retained historical material
ARCHIVED	docs/archive/outbox-reliability.md	docs/architecture/current/architecture-entrypoint.md	HISTORICAL	retained historical material
ARCHIVED	docs/archive/persistence-restart-semantics.md	docs/architecture/current/architecture-entrypoint.md	HISTORICAL	retained historical material
ARCHIVED	docs/archive/plugin-sandbox-guidelines.md	docs/architecture/current/architecture-entrypoint.md	HISTORICAL	retained historical material
ARCHIVED	docs/archive/policy-governance-feature-flags.md	docs/architecture/current/architecture-entrypoint.md	HISTORICAL	retained historical material
ARCHIVED	docs/archive/problematic-data-handling.md	docs/architecture/current/architecture-entrypoint.md	HISTORICAL	retained historical material
ARCHIVED	docs/archive/problematic-data-report.md	docs/architecture/current/architecture-entrypoint.md	HISTORICAL	retained historical material
ARCHIVED	docs/archive/production-blockers.md	docs/architecture/current/architecture-entrypoint.md	HISTORICAL	retained historical material
ARCHIVED	docs/archive/production-deployment-checklist.md	docs/architecture/current/architecture-entrypoint.md	HISTORICAL	retained historical material
ARCHIVED	docs/archive/prompt-63-verification-report.md	docs/architecture/current/architecture-entrypoint.md	HISTORICAL	retained historical material
ARCHIVED	docs/archive/prompt-engineering-management.md	docs/architecture/current/architecture-entrypoint.md	HISTORICAL	retained historical material
ARCHIVED	docs/archive/prompt-extension-examples.md	docs/architecture/current/architecture-entrypoint.md	HISTORICAL	retained historical material
ARCHIVED	docs/archive/prompt-module-gap-report.md	docs/architecture/current/architecture-entrypoint.md	HISTORICAL	retained historical material
ARCHIVED	docs/archive/quota-policy.md	docs/architecture/current/architecture-entrypoint.md	HISTORICAL	retained historical material
ARCHIVED	docs/archive/rbac-abac-access-control.md	docs/architecture/current/architecture-entrypoint.md	HISTORICAL	retained historical material
ARCHIVED	docs/archive/reading-guide.md	docs/architecture/current/architecture-entrypoint.md	HISTORICAL	retained historical material
ARCHIVED	docs/archive/reconciliation-runbook.md	docs/architecture/current/architecture-entrypoint.md	HISTORICAL	retained historical material
ARCHIVED	docs/archive/remote-worker-architecture.md	docs/architecture/current/architecture-entrypoint.md	HISTORICAL	retained historical material
ARCHIVED	docs/archive/render-ffmpeg.md	docs/architecture/current/architecture-entrypoint.md	HISTORICAL	retained historical material
ARCHIVED	docs/archive/render-gpac-packaging.md	docs/architecture/current/architecture-entrypoint.md	HISTORICAL	retained historical material
ARCHIVED	docs/archive/render-mlt.md	docs/architecture/current/architecture-entrypoint.md	HISTORICAL	retained historical material
ARCHIVED	docs/archive/render-pipeline-implementation-zh.md	docs/architecture/current/architecture-entrypoint.md	HISTORICAL	retained historical material
ARCHIVED	docs/archive/render-pipeline-implementation.md	docs/architecture/current/architecture-entrypoint.md	HISTORICAL	retained historical material
ARCHIVED	docs/archive/render-provider-extension-roadmap.md	docs/architecture/current/architecture-entrypoint.md	HISTORICAL	retained historical material
ARCHIVED	docs/archive/render-provider-integration.md	docs/architecture/current/architecture-entrypoint.md	HISTORICAL	retained historical material
ARCHIVED	docs/archive/render-provider-registration.md	docs/architecture/current/architecture-entrypoint.md	HISTORICAL	retained historical material
ARCHIVED	docs/archive/render-provider-routing.md	docs/architecture/current/architecture-entrypoint.md	HISTORICAL	retained historical material
ARCHIVED	docs/archive/render-state-machine.md	docs/architecture/current/architecture-entrypoint.md	HISTORICAL	retained historical material
ARCHIVED	docs/archive/render-worker-architecture.md	docs/architecture/current/architecture-entrypoint.md	HISTORICAL	retained historical material
ARCHIVED	docs/archive/render-worker-deployment.md	docs/architecture/current/architecture-entrypoint.md	HISTORICAL	retained historical material
ARCHIVED	docs/archive/renderprovider-javaCV.md	docs/architecture/current/architecture-entrypoint.md	HISTORICAL	retained historical material
ARCHIVED	docs/archive/renderprovider-ofx.md	docs/architecture/current/architecture-entrypoint.md	HISTORICAL	retained historical material
ARCHIVED	docs/archive/review-cost-entitlement-reconciliation-checklist.md	docs/architecture/current/architecture-entrypoint.md	HISTORICAL	retained historical material
ARCHIVED	docs/archive/review-frontend-checklist.md	docs/architecture/current/architecture-entrypoint.md	HISTORICAL	retained historical material
ARCHIVED	docs/archive/review-monitoring-feedback-checklist.md	docs/architecture/current/architecture-entrypoint.md	HISTORICAL	retained historical material
ARCHIVED	docs/archive/review-prompt-platform-checklist.md	docs/architecture/current/architecture-entrypoint.md	HISTORICAL	retained historical material
ARCHIVED	docs/archive/review-render-pipeline-checklist.md	docs/architecture/current/architecture-entrypoint.md	HISTORICAL	retained historical material
ARCHIVED	docs/archive/review-security-privacy-checklist.md	docs/architecture/current/architecture-entrypoint.md	HISTORICAL	retained historical material
ARCHIVED	docs/archive/rollback-plan.md	docs/architecture/current/architecture-entrypoint.md	HISTORICAL	retained historical material
ARCHIVED	docs/archive/roo-execution-log.md	docs/architecture/current/architecture-entrypoint.md	HISTORICAL	retained historical material
ARCHIVED	docs/archive/roo-final-report.md	docs/architecture/current/architecture-entrypoint.md	HISTORICAL	retained historical material
ARCHIVED	docs/archive/roo-gap-report.md	docs/architecture/current/architecture-entrypoint.md	HISTORICAL	retained historical material
ARCHIVED	docs/archive/runbook-e2e-render-flow.md	docs/architecture/current/architecture-entrypoint.md	HISTORICAL	retained historical material
ARCHIVED	docs/archive/runbook-five-capabilities.md	docs/architecture/current/architecture-entrypoint.md	HISTORICAL	retained historical material
ARCHIVED	docs/archive/runbook-local-docker.md	docs/architecture/current/architecture-entrypoint.md	HISTORICAL	retained historical material
ARCHIVED	docs/archive/runbook-local.md	docs/architecture/current/architecture-entrypoint.md	HISTORICAL	retained historical material
ARCHIVED	docs/archive/sdkman.md	docs/architecture/current/architecture-entrypoint.md	HISTORICAL	retained historical material
ARCHIVED	docs/archive/secrets-and-local-env.md	docs/architecture/current/architecture-entrypoint.md	HISTORICAL	retained historical material
ARCHIVED	docs/archive/security-and-tenancy.md	docs/architecture/current/architecture-entrypoint.md	HISTORICAL	retained historical material
ARCHIVED	docs/archive/security-policy.md	docs/architecture/current/architecture-entrypoint.md	HISTORICAL	retained historical material
ARCHIVED	docs/archive/skeleton-gap-priorities.md	docs/architecture/current/architecture-entrypoint.md	HISTORICAL	retained historical material
ARCHIVED	docs/archive/spring-boot-4-upgrade-notes.md	docs/architecture/current/architecture-entrypoint.md	HISTORICAL	retained historical material
ARCHIVED	docs/archive/subscription-billing.md	docs/architecture/current/architecture-entrypoint.md	HISTORICAL	retained historical material
ARCHIVED	docs/archive/subtitle-burn-in-service.md	docs/architecture/current/architecture-entrypoint.md	HISTORICAL	retained historical material
ARCHIVED	docs/archive/subtitle-font-upload.md	docs/architecture/current/architecture-entrypoint.md	HISTORICAL	retained historical material
ARCHIVED	docs/archive/technical-debt.md	docs/architecture/current/architecture-entrypoint.md	HISTORICAL	retained historical material
ARCHIVED	docs/archive/technical-roadmap-video-platform.md	docs/architecture/current/architecture-entrypoint.md	HISTORICAL	retained historical material
ARCHIVED	docs/archive/temporal-integration-plan.md	docs/architecture/current/architecture-entrypoint.md	HISTORICAL	retained historical material
ARCHIVED	docs/archive/third-party-service-monitoring.md	docs/architecture/current/architecture-entrypoint.md	HISTORICAL	retained historical material
ARCHIVED	docs/archive/timeline-model.md	docs/architecture/current/architecture-entrypoint.md	HISTORICAL	retained historical material
ARCHIVED	docs/archive/usage-anomaly-alerting.md	docs/architecture/current/architecture-entrypoint.md	HISTORICAL	retained historical material
ARCHIVED	docs/archive/user-analytics-api.md	docs/architecture/current/architecture-entrypoint.md	HISTORICAL	retained historical material
ARCHIVED	docs/archive/user-profile-and-habits.md	docs/architecture/current/architecture-entrypoint.md	HISTORICAL	retained historical material
ARCHIVED	docs/archive/video-processing-tools.md	docs/architecture/current/architecture-entrypoint.md	HISTORICAL	retained historical material
ARCHIVED	docs/archive/workspace-entitlement-pool.md	docs/architecture/current/architecture-entrypoint.md	HISTORICAL	retained historical material
ARCHIVED	docs/archive/zh/README.md	docs/architecture/current/architecture-entrypoint.md	HISTORICAL	retained historical material
ARCHIVED	docs/archive/zh/architecture.md	docs/architecture/current/architecture-entrypoint.md	HISTORICAL	retained historical material
ARCHIVED	docs/archive/zh/deployment.md	docs/architecture/current/architecture-entrypoint.md	HISTORICAL	retained historical material
ARCHIVED	docs/archive/zh/development-guidelines.md	docs/architecture/current/architecture-entrypoint.md	HISTORICAL	retained historical material
ARCHIVED	docs/archive/zh/dynamic-extension.md	docs/architecture/current/architecture-entrypoint.md	HISTORICAL	retained historical material
ARCHIVED	docs/archive/zh/faq.md	docs/architecture/current/architecture-entrypoint.md	HISTORICAL	retained historical material
ARCHIVED	docs/archive/zh/module-reference.md	docs/architecture/current/architecture-entrypoint.md	HISTORICAL	retained historical material
ARCHIVED	docs/archive/zh/monitoring-feedback.md	docs/architecture/current/architecture-entrypoint.md	HISTORICAL	retained historical material
ARCHIVED	docs/archive/zh/problematic-data.md	docs/architecture/current/architecture-entrypoint.md	HISTORICAL	retained historical material
ARCHIVED	docs/archive/zh/prompt-platform.md	docs/architecture/current/architecture-entrypoint.md	HISTORICAL	retained historical material
ARCHIVED	docs/archive/zh/usage-guide.md	docs/architecture/current/architecture-entrypoint.md	HISTORICAL	retained historical material
CURRENT_OPERATIONAL	docs/asdf-vm.md	docs/documentation/documentation-index.md	CURRENT	supporting current documentation
CURRENT_OPERATIONAL	docs/authentik/blueprint-media-platform-claims.yaml	docs/documentation/documentation-index.md	CURRENT	supporting current documentation
CURRENT_OPERATIONAL	docs/authorization/ACCESS_DECISION_DECONFLATION_MATRIX_V1.md	docs/documentation/documentation-index.md	CURRENT	supporting current documentation
HISTORICAL_EVIDENCE	docs/backend/backend-execution-integrity-audit.md	docs/architecture/current/architecture-entrypoint.md	HISTORICAL	review or release evidence
HISTORICAL_EVIDENCE	docs/backend/backend-integrity-admin-boundary-remainder.json	docs/architecture/current/architecture-entrypoint.md	HISTORICAL	review or release evidence
HISTORICAL_EVIDENCE	docs/backend/backend-integrity-admin-boundary-remainder.md	docs/architecture/current/architecture-entrypoint.md	HISTORICAL	review or release evidence
HISTORICAL_EVIDENCE	docs/backend/backend-integrity-enabled-admin-security-validation.json	docs/architecture/current/architecture-entrypoint.md	HISTORICAL	review or release evidence
HISTORICAL_EVIDENCE	docs/backend/backend-integrity-enabled-admin-security-validation.md	docs/architecture/current/architecture-entrypoint.md	HISTORICAL	review or release evidence
HISTORICAL_EVIDENCE	docs/backend/backend-integrity-http-boundary-error-mapping-and-admin-security.json	docs/architecture/current/architecture-entrypoint.md	HISTORICAL	review or release evidence
HISTORICAL_EVIDENCE	docs/backend/backend-integrity-http-boundary-error-mapping-and-admin-security.md	docs/architecture/current/architecture-entrypoint.md	HISTORICAL	review or release evidence
HISTORICAL_EVIDENCE	docs/backend/backend-integrity-minimal-media-render-boundary-validation.json	docs/architecture/current/architecture-entrypoint.md	HISTORICAL	review or release evidence
HISTORICAL_EVIDENCE	docs/backend/backend-integrity-minimal-media-render-boundary-validation.md	docs/architecture/current/architecture-entrypoint.md	HISTORICAL	review or release evidence
HISTORICAL_EVIDENCE	docs/backend/backend-integrity-mvc-route-inventory.json	docs/architecture/current/architecture-entrypoint.md	HISTORICAL	review or release evidence
HISTORICAL_EVIDENCE	docs/backend/backend-integrity-mvc-route-inventory.md	docs/architecture/current/architecture-entrypoint.md	HISTORICAL	review or release evidence
HISTORICAL_EVIDENCE	docs/backend/backend-integrity-place-spring-ai-adapter-on-hold.md	docs/architecture/current/architecture-entrypoint.md	HISTORICAL	review or release evidence
HISTORICAL_EVIDENCE	docs/backend/backend-integrity-provider-registration-validation.json	docs/architecture/current/architecture-entrypoint.md	HISTORICAL	review or release evidence
HISTORICAL_EVIDENCE	docs/backend/backend-integrity-provider-registration-validation.md	docs/architecture/current/architecture-entrypoint.md	HISTORICAL	review or release evidence
HISTORICAL_EVIDENCE	docs/backend/backend-integrity-real-http-security-boundary-validation.json	docs/architecture/current/architecture-entrypoint.md	HISTORICAL	review or release evidence
HISTORICAL_EVIDENCE	docs/backend/backend-integrity-real-http-security-boundary-validation.md	docs/architecture/current/architecture-entrypoint.md	HISTORICAL	review or release evidence
HISTORICAL_EVIDENCE	docs/backend/backend-integrity-render-execution-boundary-and-concurrency-remainder.json	docs/architecture/current/architecture-entrypoint.md	HISTORICAL	review or release evidence
HISTORICAL_EVIDENCE	docs/backend/backend-integrity-render-execution-boundary-and-concurrency-remainder.md	docs/architecture/current/architecture-entrypoint.md	HISTORICAL	review or release evidence
HISTORICAL_EVIDENCE	docs/backend/backend-integrity-renderjob-bean-graph-repair.json	docs/architecture/current/architecture-entrypoint.md	HISTORICAL	review or release evidence
HISTORICAL_EVIDENCE	docs/backend/backend-integrity-renderjob-bean-graph-repair.md	docs/architecture/current/architecture-entrypoint.md	HISTORICAL	review or release evidence
HISTORICAL_EVIDENCE	docs/backend/backend-integrity-renderjob-execution-instance-provenance.md	docs/architecture/current/architecture-entrypoint.md	HISTORICAL	review or release evidence
HISTORICAL_EVIDENCE	docs/backend/backend-integrity-renderjob-preselection-and-flyway-consolidation.json	docs/architecture/current/architecture-entrypoint.md	HISTORICAL	review or release evidence
HISTORICAL_EVIDENCE	docs/backend/backend-integrity-renderjob-preselection-and-flyway-consolidation.md	docs/architecture/current/architecture-entrypoint.md	HISTORICAL	review or release evidence
HISTORICAL_EVIDENCE	docs/backend/backend-integrity-renderjob-route-contract-finalization.json	docs/architecture/current/architecture-entrypoint.md	HISTORICAL	review or release evidence
HISTORICAL_EVIDENCE	docs/backend/backend-integrity-renderjob-route-contract-finalization.md	docs/architecture/current/architecture-entrypoint.md	HISTORICAL	review or release evidence
HISTORICAL_EVIDENCE	docs/backend/backend-integrity-renderjob-selection-transition-remainder.json	docs/architecture/current/architecture-entrypoint.md	HISTORICAL	review or release evidence
HISTORICAL_EVIDENCE	docs/backend/backend-integrity-renderjob-selection-transition-remainder.md	docs/architecture/current/architecture-entrypoint.md	HISTORICAL	review or release evidence
HISTORICAL_EVIDENCE	docs/backend/backend-integrity-renderjob-selection-transition-validation.json	docs/architecture/current/architecture-entrypoint.md	HISTORICAL	review or release evidence
HISTORICAL_EVIDENCE	docs/backend/backend-integrity-renderjob-selection-transition-validation.md	docs/architecture/current/architecture-entrypoint.md	HISTORICAL	review or release evidence
HISTORICAL_EVIDENCE	docs/backend/backend-integrity-renderjob-start-claim-and-failure-durability.json	docs/architecture/current/architecture-entrypoint.md	HISTORICAL	review or release evidence
HISTORICAL_EVIDENCE	docs/backend/backend-integrity-renderjob-start-claim-and-failure-durability.md	docs/architecture/current/architecture-entrypoint.md	HISTORICAL	review or release evidence
HISTORICAL_EVIDENCE	docs/backend/backend-integrity-repair-test-compilation.md	docs/architecture/current/architecture-entrypoint.md	HISTORICAL	review or release evidence
HISTORICAL_EVIDENCE	docs/backend/backend-integrity-repair-test-runtime-compatibility.md	docs/architecture/current/architecture-entrypoint.md	HISTORICAL	review or release evidence
HISTORICAL_EVIDENCE	docs/backend/backend-integrity-route-boundary-correction.json	docs/architecture/current/architecture-entrypoint.md	HISTORICAL	review or release evidence
HISTORICAL_EVIDENCE	docs/backend/backend-integrity-route-boundary-correction.md	docs/architecture/current/architecture-entrypoint.md	HISTORICAL	review or release evidence
HISTORICAL_EVIDENCE	docs/backend/backend-integrity-route-boundary-remainder.json	docs/architecture/current/architecture-entrypoint.md	HISTORICAL	review or release evidence
HISTORICAL_EVIDENCE	docs/backend/backend-integrity-route-boundary-remainder.md	docs/architecture/current/architecture-entrypoint.md	HISTORICAL	review or release evidence
HISTORICAL_EVIDENCE	docs/backend/backend-integrity-runtime-context-scope-review.json	docs/architecture/current/architecture-entrypoint.md	HISTORICAL	review or release evidence
HISTORICAL_EVIDENCE	docs/backend/backend-integrity-runtime-context-scope-review.md	docs/architecture/current/architecture-entrypoint.md	HISTORICAL	review or release evidence
HISTORICAL_EVIDENCE	docs/backend/backend-integrity-runtime-context-validation.json	docs/architecture/current/architecture-entrypoint.md	HISTORICAL	review or release evidence
HISTORICAL_EVIDENCE	docs/backend/backend-integrity-runtime-context-validation.md	docs/architecture/current/architecture-entrypoint.md	HISTORICAL	review or release evidence
HISTORICAL_EVIDENCE	docs/backend/backend-integrity-spring-ai-adapter-triage.json	docs/architecture/current/architecture-entrypoint.md	HISTORICAL	review or release evidence
HISTORICAL_EVIDENCE	docs/backend/backend-integrity-spring-ai-adapter-triage.md	docs/architecture/current/architecture-entrypoint.md	HISTORICAL	review or release evidence
CURRENT_OPERATIONAL	docs/billing-access/01-entitlement.md	docs/documentation/documentation-index.md	CURRENT	supporting current documentation
CURRENT_OPERATIONAL	docs/billing-access/02-access-decision.md	docs/documentation/documentation-index.md	CURRENT	supporting current documentation
CURRENT_OPERATIONAL	docs/billing-access/03-feature-flag-governance.md	docs/documentation/documentation-index.md	CURRENT	supporting current documentation
CURRENT_OPERATIONAL	docs/billing-access/04-configurable-navigation.md	docs/documentation/documentation-index.md	CURRENT	supporting current documentation
CURRENT_OPERATIONAL	docs/billing-access/05-cost-control.md	docs/documentation/documentation-index.md	CURRENT	supporting current documentation
CURRENT_OPERATIONAL	docs/billing-access/06-reconciliation.md	docs/documentation/documentation-index.md	CURRENT	supporting current documentation
CURRENT_OPERATIONAL	docs/billing-access/07-billing-models.md	docs/documentation/documentation-index.md	CURRENT	supporting current documentation
CURRENT_OPERATIONAL	docs/billing-access/08-policy-composition-examples.md	docs/documentation/documentation-index.md	CURRENT	supporting current documentation
CURRENT_OPERATIONAL	docs/billing-access/09-future-extensions.md	docs/documentation/documentation-index.md	CURRENT	supporting current documentation
CURRENT_OPERATIONAL	docs/billing-access/10-error-codes-and-audit.md	docs/documentation/documentation-index.md	CURRENT	supporting current documentation
CURRENT_OPERATIONAL	docs/billing-access/11-multi-user-collaboration.md	docs/documentation/documentation-index.md	CURRENT	supporting current documentation
CURRENT_OPERATIONAL	docs/billing-access/12-collaboration-apis.md	docs/documentation/documentation-index.md	CURRENT	supporting current documentation
CURRENT_OPERATIONAL	docs/billing-access/access-control-overview.md	docs/documentation/documentation-index.md	CURRENT	supporting current documentation
CURRENT_OPERATIONAL	docs/client-export-browser.md	docs/documentation/documentation-index.md	CURRENT	supporting current documentation
CURRENT_OPERATIONAL	docs/code-derived-system-overview.md	docs/documentation/documentation-index.md	CURRENT	supporting current documentation
CURRENT_OPERATIONAL	docs/commerce-payment-billing-entitlement.md	docs/documentation/documentation-index.md	CURRENT	supporting current documentation
CURRENT_OPERATIONAL	docs/conditional-on-bean-removal-audit.md	docs/documentation/documentation-index.md	CURRENT	supporting current documentation
CURRENT_OPERATIONAL	docs/configurable-navigation.md	docs/documentation/documentation-index.md	CURRENT	supporting current documentation
CURRENT_OPERATIONAL	docs/contracts/frame-rate-and-render-initiation.md	docs/documentation/documentation-index.md	CURRENT	supporting current documentation
CURRENT_OPERATIONAL	docs/credit-wallet.md	docs/documentation/documentation-index.md	CURRENT	supporting current documentation
CURRENT_OPERATIONAL	docs/custom-pricing.md	docs/documentation/documentation-index.md	CURRENT	supporting current documentation
CURRENT_NORMATIVE	docs/database/flyway-migration-baseline.md	docs/architecture/current/architecture-entrypoint.md	CURRENT	current normative architecture/contract material
CURRENT_OPERATIONAL	docs/database-schema.md	docs/documentation/documentation-index.md	CURRENT	supporting current documentation
CURRENT_OPERATIONAL	docs/deploy/APP-PREVIEW.1-summary.md	docs/architecture/current/architecture-entrypoint.md	CURRENT	operational guidance
CURRENT_OPERATIONAL	docs/deploy/deploy-preview-full-flow.md	docs/architecture/current/architecture-entrypoint.md	CURRENT	operational guidance
CURRENT_OPERATIONAL	docs/deploy/deploy-preview-r2-env-verify.md	docs/architecture/current/architecture-entrypoint.md	CURRENT	operational guidance
CURRENT_OPERATIONAL	docs/deploy/deploy-preview-verify.md	docs/architecture/current/architecture-entrypoint.md	CURRENT	operational guidance
CURRENT_OPERATIONAL	docs/deploy/preview-frontend-spa-fallback-fix.md	docs/architecture/current/architecture-entrypoint.md	CURRENT	operational guidance
CURRENT_OPERATIONAL	docs/deployment/01-deployment.md	docs/architecture/current/architecture-entrypoint.md	CURRENT	operational guidance
CURRENT_OPERATIONAL	docs/deployment/02-deployment-checklist.md	docs/architecture/current/architecture-entrypoint.md	CURRENT	operational guidance
CURRENT_OPERATIONAL	docs/deployment/03-demo-script.md	docs/architecture/current/architecture-entrypoint.md	CURRENT	operational guidance
CURRENT_OPERATIONAL	docs/deployment/04-rollback.md	docs/architecture/current/architecture-entrypoint.md	CURRENT	operational guidance
CURRENT_OPERATIONAL	docs/deployment/external-resources.md	docs/architecture/current/architecture-entrypoint.md	CURRENT	operational guidance
CURRENT_OPERATIONAL	docs/deployment-resource-requirements.md	docs/architecture/current/architecture-entrypoint.md	CURRENT	operational guidance
CURRENT_OPERATIONAL	docs/dev/DEV-RESUME.0.md	docs/documentation/documentation-index.md	CURRENT	supporting current documentation
CURRENT_OPERATIONAL	docs/dev/PR-PREVIEW-BASELINE.md	docs/documentation/documentation-index.md	CURRENT	supporting current documentation
CURRENT_OPERATIONAL	docs/dev/dev-diagnostics-endpoints.md	docs/documentation/documentation-index.md	CURRENT	supporting current documentation
CURRENT_OPERATIONAL	docs/development/01-code-style.md	docs/documentation/documentation-index.md	CURRENT	supporting current documentation
CURRENT_OPERATIONAL	docs/development/02-module-structure.md	docs/documentation/documentation-index.md	CURRENT	supporting current documentation
CURRENT_OPERATIONAL	docs/development/03-security.md	docs/documentation/documentation-index.md	CURRENT	supporting current documentation
CURRENT_OPERATIONAL	docs/development/04-error-handling.md	docs/documentation/documentation-index.md	CURRENT	supporting current documentation
CURRENT_OPERATIONAL	docs/docker-external-config.md	docs/documentation/documentation-index.md	CURRENT	supporting current documentation
CURRENT_OPERATIONAL	docs/documentation/documentation-index.md	docs/documentation/documentation-index.md	CURRENT	supporting current documentation
CURRENT_OPERATIONAL	docs/documentation/knowledge-architecture.md	docs/documentation/documentation-index.md	CURRENT	supporting current documentation
CURRENT_OPERATIONAL	docs/documentation-gap-analysis.md	docs/documentation/documentation-index.md	CURRENT	supporting current documentation
CURRENT_OPERATIONAL	docs/documentation-gap-report.md	docs/documentation/documentation-index.md	CURRENT	supporting current documentation
CURRENT_OPERATIONAL	docs/effect-pack-schema.md	docs/documentation/documentation-index.md	CURRENT	supporting current documentation
CURRENT_OPERATIONAL	docs/egress-smoke-rollout.md	docs/documentation/documentation-index.md	CURRENT	supporting current documentation
CURRENT_OPERATIONAL	docs/engineering/code-coverage-tool-selection.md	docs/documentation/documentation-index.md	CURRENT	supporting current documentation
CURRENT_OPERATIONAL	docs/engineering/cross-dissolve-implementation.md	docs/documentation/documentation-index.md	CURRENT	supporting current documentation
CURRENT_OPERATIONAL	docs/engineering/deployment-preparation.md	docs/documentation/documentation-index.md	CURRENT	supporting current documentation
CURRENT_OPERATIONAL	docs/engineering/media-platform-complete-tech-doc.md	docs/documentation/documentation-index.md	CURRENT	supporting current documentation
CURRENT_OPERATIONAL	docs/engineering/p4-import-export-pipeline-tech-doc.md	docs/documentation/documentation-index.md	CURRENT	supporting current documentation
CURRENT_OPERATIONAL	docs/engineering/required-staging-inputs.md	docs/documentation/documentation-index.md	CURRENT	supporting current documentation
CURRENT_OPERATIONAL	docs/engineering/schema-management-policy.md	docs/documentation/documentation-index.md	CURRENT	supporting current documentation
CURRENT_OPERATIONAL	docs/entitlement-policy.md	docs/documentation/documentation-index.md	CURRENT	supporting current documentation
CURRENT_OPERATIONAL	docs/environments.md	docs/documentation/documentation-index.md	CURRENT	supporting current documentation
CURRENT_OPERATIONAL	docs/error-handling-design.md	docs/documentation/documentation-index.md	CURRENT	supporting current documentation
CURRENT_OPERATIONAL	docs/event-flow-monetization.md	docs/documentation/documentation-index.md	CURRENT	supporting current documentation
CURRENT_OPERATIONAL	docs/examples/frontend-analytics-guide.md	docs/documentation/documentation-index.md	CURRENT	supporting current documentation
CURRENT_OPERATIONAL	docs/examples/opencue/local-docker-p2o0a/README.md	docs/documentation/documentation-index.md	CURRENT	supporting current documentation
CURRENT_OPERATIONAL	docs/examples/opencue/local-docker-p2o0a/docker-compose.opencue-smoke.yml	docs/documentation/documentation-index.md	CURRENT	supporting current documentation
CURRENT_OPERATIONAL	docs/examples/opencue/local-docker-p2o0a/shared-path-layout.txt	docs/documentation/documentation-index.md	CURRENT	supporting current documentation
CURRENT_OPERATIONAL	docs/examples/opencue/local-docker-p2o0b/README.md	docs/documentation/documentation-index.md	CURRENT	supporting current documentation
CURRENT_OPERATIONAL	docs/examples/opencue/local-docker-p2o0b/docker-compose.opencue-runtime-smoke.yml	docs/documentation/documentation-index.md	CURRENT	supporting current documentation
CURRENT_OPERATIONAL	docs/examples/opencue/local-docker-p2o0b/shared-path-layout.txt	docs/documentation/documentation-index.md	CURRENT	supporting current documentation
CURRENT_OPERATIONAL	docs/examples/opencue/local-docker-p2o0c/README.md	docs/documentation/documentation-index.md	CURRENT	supporting current documentation
CURRENT_OPERATIONAL	docs/examples/opencue/local-docker-p2o0c/docker-compose.opencue-runtime-ready.yml	docs/documentation/documentation-index.md	CURRENT	supporting current documentation
CURRENT_OPERATIONAL	docs/examples/opencue/local-docker-p2o0c/shared-path-layout.txt	docs/documentation/documentation-index.md	CURRENT	supporting current documentation
CURRENT_OPERATIONAL	docs/examples/opencue/local-docker-p2o0d/README.md	docs/documentation/documentation-index.md	CURRENT	supporting current documentation
CURRENT_OPERATIONAL	docs/examples/opencue/local-docker-p2o0d/docker-compose.override.if-needed.yml	docs/documentation/documentation-index.md	CURRENT	supporting current documentation
CURRENT_OPERATIONAL	docs/examples/opencue/local-docker-p2o0d/job-submission-strategy.md	docs/documentation/documentation-index.md	CURRENT	supporting current documentation
CURRENT_OPERATIONAL	docs/examples/opencue/local-docker-p2o0d/shared-path-layout.txt	docs/documentation/documentation-index.md	CURRENT	supporting current documentation
CURRENT_OPERATIONAL	docs/examples/opencue/local-docker-p2o0e/README.md	docs/documentation/documentation-index.md	CURRENT	supporting current documentation
CURRENT_OPERATIONAL	docs/examples/opencue/local-docker-p2o0e/grpc-submission-strategy.md	docs/documentation/documentation-index.md	CURRENT	supporting current documentation
CURRENT_OPERATIONAL	docs/examples/opencue/local-docker-p2o0e/job-submission-discovery.md	docs/documentation/documentation-index.md	CURRENT	supporting current documentation
CURRENT_OPERATIONAL	docs/examples/opencue/local-docker-p2o0e/shared-path-layout.txt	docs/documentation/documentation-index.md	CURRENT	supporting current documentation
CURRENT_OPERATIONAL	docs/examples/opencue/local-docker-p2o0f/cjsl-discovery-notes.md	docs/documentation/documentation-index.md	CURRENT	supporting current documentation
CURRENT_OPERATIONAL	docs/examples/opencue/local-docker-p2o0f/preview-artifact-summary.md	docs/documentation/documentation-index.md	CURRENT	supporting current documentation
CURRENT_OPERATIONAL	docs/examples/opencue/local-docker-p2o0f/validation-outputs.md	docs/documentation/documentation-index.md	CURRENT	supporting current documentation
CURRENT_OPERATIONAL	docs/examples/opencue/render-execution-plan-mapping/README.md	docs/documentation/documentation-index.md	CURRENT	supporting current documentation
CURRENT_OPERATIONAL	docs/examples/opencue/render-execution-plan-mapping/dependency-stage-splitting-example.md	docs/documentation/documentation-index.md	CURRENT	supporting current documentation
CURRENT_OPERATIONAL	docs/examples/opencue/render-execution-plan-mapping/failure-status-mapping-example.md	docs/documentation/documentation-index.md	CURRENT	supporting current documentation
CURRENT_OPERATIONAL	docs/examples/opencue/render-execution-plan-mapping/opencue-job-spec-draft-object-storage.json	docs/documentation/documentation-index.md	CURRENT	supporting current documentation
CURRENT_OPERATIONAL	docs/examples/opencue/render-execution-plan-mapping/opencue-job-spec-draft-shared-path.json	docs/documentation/documentation-index.md	CURRENT	supporting current documentation
CURRENT_OPERATIONAL	docs/examples/opencue/render-execution-plan-mapping/render-execution-plan-example.json	docs/documentation/documentation-index.md	CURRENT	supporting current documentation
CURRENT_OPERATIONAL	docs/examples/opencue/render-execution-plan-mapping/storage-strategy-comparison.md	docs/documentation/documentation-index.md	CURRENT	supporting current documentation
CURRENT_OPERATIONAL	docs/examples/provider-bindings/ffmpeg.provider-binding.yaml	docs/documentation/documentation-index.md	CURRENT	supporting current documentation
CURRENT_OPERATIONAL	docs/examples/provider-bindings/libass.provider-binding.yaml	docs/documentation/documentation-index.md	CURRENT	supporting current documentation
CURRENT_OPERATIONAL	docs/examples/provider-bindings/opencue.execution-environment-note.yaml	docs/documentation/documentation-index.md	CURRENT	supporting current documentation
CURRENT_OPERATIONAL	docs/examples/provider-bindings/remotion.provider-binding.yaml	docs/documentation/documentation-index.md	CURRENT	supporting current documentation
CURRENT_OPERATIONAL	docs/export-validation.md	docs/documentation/documentation-index.md	CURRENT	supporting current documentation
CURRENT_OPERATIONAL	docs/extension-module-boundary.md	docs/documentation/documentation-index.md	CURRENT	supporting current documentation
CURRENT_OPERATIONAL	docs/extension-plugins.md	docs/documentation/documentation-index.md	CURRENT	supporting current documentation
CURRENT_OPERATIONAL	docs/extensions/01-extension-platform.md	docs/documentation/documentation-index.md	CURRENT	supporting current documentation
CURRENT_OPERATIONAL	docs/extensions/02-sandbox-runtime.md	docs/documentation/documentation-index.md	CURRENT	supporting current documentation
CURRENT_OPERATIONAL	docs/external-billing-integrations.md	docs/documentation/documentation-index.md	CURRENT	supporting current documentation
CURRENT_OPERATIONAL	docs/final-project-status.md	docs/documentation/documentation-index.md	CURRENT	supporting current documentation
CURRENT_OPERATIONAL	docs/flexible-billing-models.md	docs/documentation/documentation-index.md	CURRENT	supporting current documentation
CURRENT_OPERATIONAL	docs/font-embedding.md	docs/documentation/documentation-index.md	CURRENT	supporting current documentation
CURRENT_OPERATIONAL	docs/frontend/01-editor-workbench.md	docs/documentation/documentation-index.md	CURRENT	supporting current documentation
CURRENT_OPERATIONAL	docs/frontend/02-editor-timeline.md	docs/documentation/documentation-index.md	CURRENT	supporting current documentation
CURRENT_OPERATIONAL	docs/frontend/03-editor-export.md	docs/documentation/documentation-index.md	CURRENT	supporting current documentation
CURRENT_OPERATIONAL	docs/frontend/04-editor-upload.md	docs/documentation/documentation-index.md	CURRENT	supporting current documentation
CURRENT_OPERATIONAL	docs/frontend/05-user-portal.md	docs/documentation/documentation-index.md	CURRENT	supporting current documentation
CURRENT_OPERATIONAL	docs/frontend/06-admin-console.md	docs/documentation/documentation-index.md	CURRENT	supporting current documentation
CURRENT_OPERATIONAL	docs/frontend/07-frontend-api.md	docs/documentation/documentation-index.md	CURRENT	supporting current documentation
CURRENT_OPERATIONAL	docs/frontend/08-feature-flag-ui.md	docs/documentation/documentation-index.md	CURRENT	supporting current documentation
CURRENT_OPERATIONAL	docs/frontend/09-collaboration-features.md	docs/documentation/documentation-index.md	CURRENT	supporting current documentation
CURRENT_OPERATIONAL	docs/frontend/09-ui-design-system.md	docs/documentation/documentation-index.md	CURRENT	supporting current documentation
CURRENT_OPERATIONAL	docs/frontend/admin-console.md	docs/documentation/documentation-index.md	CURRENT	supporting current documentation
CURRENT_OPERATIONAL	docs/frontend/admin-render-jobs-console.md	docs/documentation/documentation-index.md	CURRENT	supporting current documentation
CURRENT_OPERATIONAL	docs/frontend/admin-storage-health.md	docs/documentation/documentation-index.md	CURRENT	supporting current documentation
CURRENT_OPERATIONAL	docs/frontend/api-client-gate-audit.md	docs/documentation/documentation-index.md	CURRENT	supporting current documentation
CURRENT_OPERATIONAL	docs/frontend/app-shell-and-navigation.md	docs/documentation/documentation-index.md	CURRENT	supporting current documentation
CURRENT_OPERATIONAL	docs/frontend/asset-backend-api.md	docs/documentation/documentation-index.md	CURRENT	supporting current documentation
CURRENT_OPERATIONAL	docs/frontend/caption-template-system.md	docs/documentation/documentation-index.md	CURRENT	supporting current documentation
CURRENT_OPERATIONAL	docs/frontend/design-system-poc.md	docs/documentation/documentation-index.md	CURRENT	supporting current documentation
CURRENT_OPERATIONAL	docs/frontend/design-token-and-video-style-boundary.md	docs/documentation/documentation-index.md	CURRENT	supporting current documentation
CURRENT_OPERATIONAL	docs/frontend/dev-diagnostics-hub.md	docs/documentation/documentation-index.md	CURRENT	supporting current documentation
CURRENT_OPERATIONAL	docs/frontend/dev-ingest-preflight-policy-diagnostics.md	docs/documentation/documentation-index.md	CURRENT	supporting current documentation
CURRENT_OPERATIONAL	docs/frontend/dev-storage-delivery-profile-diagnostics.md	docs/documentation/documentation-index.md	CURRENT	supporting current documentation
CURRENT_OPERATIONAL	docs/frontend/editor-architecture.md	docs/documentation/documentation-index.md	CURRENT	supporting current documentation
CURRENT_OPERATIONAL	docs/frontend/editor-state.md	docs/documentation/documentation-index.md	CURRENT	supporting current documentation
CURRENT_OPERATIONAL	docs/frontend/font-asset-management.md	docs/documentation/documentation-index.md	CURRENT	supporting current documentation
CURRENT_OPERATIONAL	docs/frontend/frontend-api-client-scaffold.md	docs/documentation/documentation-index.md	CURRENT	supporting current documentation
CURRENT_OPERATIONAL	docs/frontend/frontend-app-artifact-access-action-design.md	docs/documentation/documentation-index.md	CURRENT	supporting current documentation
CURRENT_OPERATIONAL	docs/frontend/frontend-app-product-surface-plan.md	docs/documentation/documentation-index.md	CURRENT	supporting current documentation
CURRENT_OPERATIONAL	docs/frontend/frontend-app-readonly-polish.md	docs/documentation/documentation-index.md	CURRENT	supporting current documentation
CURRENT_OPERATIONAL	docs/frontend/frontend-app-readonly-shell.md	docs/documentation/documentation-index.md	CURRENT	supporting current documentation
CURRENT_OPERATIONAL	docs/frontend/frontend-app-render-result-contract.md	docs/documentation/documentation-index.md	CURRENT	supporting current documentation
CURRENT_OPERATIONAL	docs/frontend/frontend-app-upload-mutation-design.md	docs/documentation/documentation-index.md	CURRENT	supporting current documentation
CURRENT_OPERATIONAL	docs/frontend/frontend-app-upload-mutation.md	docs/documentation/documentation-index.md	CURRENT	supporting current documentation
CURRENT_OPERATIONAL	docs/frontend/frontend-app-upload-surface-design.md	docs/documentation/documentation-index.md	CURRENT	supporting current documentation
CURRENT_OPERATIONAL	docs/frontend/frontend-contract-fixture-baseline.md	docs/documentation/documentation-index.md	CURRENT	supporting current documentation
CURRENT_OPERATIONAL	docs/frontend/frontend-contract-gate-reopen.md	docs/documentation/documentation-index.md	CURRENT	supporting current documentation
CURRENT_OPERATIONAL	docs/frontend/frontend-contract-schema-map.md	docs/documentation/documentation-index.md	CURRENT	supporting current documentation
CURRENT_OPERATIONAL	docs/frontend/frontend-design-system-strategy.md	docs/documentation/documentation-index.md	CURRENT	supporting current documentation
CURRENT_OPERATIONAL	docs/frontend/frontend-dev-diagnostics-readonly-panels.md	docs/documentation/documentation-index.md	CURRENT	supporting current documentation
CURRENT_OPERATIONAL	docs/frontend/frontend-dev-diagnostics-route-map.md	docs/documentation/documentation-index.md	CURRENT	supporting current documentation
CURRENT_OPERATIONAL	docs/frontend/frontend-dev-diagnostics-shell.md	docs/documentation/documentation-index.md	CURRENT	supporting current documentation
CURRENT_OPERATIONAL	docs/frontend/frontend-execution-integrity-audit.md	docs/documentation/documentation-index.md	CURRENT	supporting current documentation
CURRENT_OPERATIONAL	docs/frontend/frontend-implementation-plan.md	docs/documentation/documentation-index.md	CURRENT	supporting current documentation
CURRENT_OPERATIONAL	docs/frontend/frontend-integrity-repair-app-routes.md	docs/documentation/documentation-index.md	CURRENT	supporting current documentation
CURRENT_OPERATIONAL	docs/frontend/frontend-integrity-repair-build-hang.md	docs/documentation/documentation-index.md	CURRENT	supporting current documentation
CURRENT_OPERATIONAL	docs/frontend/frontend-integrity-repair-typescript-build.md	docs/documentation/documentation-index.md	CURRENT	supporting current documentation
CURRENT_OPERATIONAL	docs/frontend/frontend-modernize-architecture.md	docs/documentation/documentation-index.md	CURRENT	supporting current documentation
CURRENT_OPERATIONAL	docs/frontend/frontend-query-hooks-scaffold.md	docs/documentation/documentation-index.md	CURRENT	supporting current documentation
CURRENT_OPERATIONAL	docs/frontend/frontend-query-key-conventions.md	docs/documentation/documentation-index.md	CURRENT	supporting current documentation
CURRENT_OPERATIONAL	docs/frontend/frontend-routing-state-plan.md	docs/documentation/documentation-index.md	CURRENT	supporting current documentation
CURRENT_OPERATIONAL	docs/frontend/new-frontend-architecture.md	docs/documentation/documentation-index.md	CURRENT	supporting current documentation
CURRENT_OPERATIONAL	docs/frontend/new-frontend-roadmap.md	docs/documentation/documentation-index.md	CURRENT	supporting current documentation
CURRENT_OPERATIONAL	docs/frontend/notification-settings.md	docs/documentation/documentation-index.md	CURRENT	supporting current documentation
CURRENT_OPERATIONAL	docs/frontend/overview.md	docs/documentation/documentation-index.md	CURRENT	supporting current documentation
CURRENT_OPERATIONAL	docs/frontend/react-architecture.md	docs/documentation/documentation-index.md	CURRENT	supporting current documentation
CURRENT_OPERATIONAL	docs/frontend/react-smoke-editor.md	docs/documentation/documentation-index.md	CURRENT	supporting current documentation
CURRENT_OPERATIONAL	docs/frontend/remotion-integration.md	docs/documentation/documentation-index.md	CURRENT	supporting current documentation
CURRENT_OPERATIONAL	docs/frontend/render-job-dashboard.md	docs/documentation/documentation-index.md	CURRENT	supporting current documentation
CURRENT_OPERATIONAL	docs/frontend/render-job-status-panel.md	docs/documentation/documentation-index.md	CURRENT	supporting current documentation
CURRENT_OPERATIONAL	docs/frontend/render-preview-contract.md	docs/documentation/documentation-index.md	CURRENT	supporting current documentation
CURRENT_OPERATIONAL	docs/frontend/renderjob-contract.md	docs/documentation/documentation-index.md	CURRENT	supporting current documentation
CURRENT_OPERATIONAL	docs/frontend/styling-technology-decision.md	docs/documentation/documentation-index.md	CURRENT	supporting current documentation
CURRENT_OPERATIONAL	docs/frontend/timeline-git-console.md	docs/documentation/documentation-index.md	CURRENT	supporting current documentation
CURRENT_OPERATIONAL	docs/frontend/timeline-model.md	docs/documentation/documentation-index.md	CURRENT	supporting current documentation
CURRENT_OPERATIONAL	docs/frontend/user-dashboard.md	docs/documentation/documentation-index.md	CURRENT	supporting current documentation
CURRENT_OPERATIONAL	docs/frontend/user-render-history.md	docs/documentation/documentation-index.md	CURRENT	supporting current documentation
CURRENT_OPERATIONAL	docs/frontend/user-render-result-detail.md	docs/documentation/documentation-index.md	CURRENT	supporting current documentation
CURRENT_OPERATIONAL	docs/frontend-effects-panel.md	docs/documentation/documentation-index.md	CURRENT	supporting current documentation
CURRENT_OPERATIONAL	docs/frontend-entitlement-management.md	docs/documentation/documentation-index.md	CURRENT	supporting current documentation
CURRENT_OPERATIONAL	docs/frontend-i18n-error.md	docs/documentation/documentation-index.md	CURRENT	supporting current documentation
CURRENT_OPERATIONAL	docs/frontend-operation-manual.md	docs/documentation/documentation-index.md	CURRENT	supporting current documentation
CURRENT_OPERATIONAL	docs/frontend-test-known-issues.md	docs/documentation/documentation-index.md	CURRENT	supporting current documentation
CURRENT_OPERATIONAL	docs/frontend-ui-review-report.md	docs/documentation/documentation-index.md	CURRENT	supporting current documentation
CURRENT_OPERATIONAL	docs/future-roadmap-otio-llm.md	docs/documentation/documentation-index.md	CURRENT	supporting current documentation
CURRENT_OPERATIONAL	docs/gitops.md	docs/documentation/documentation-index.md	CURRENT	supporting current documentation
CURRENT_OPERATIONAL	docs/governance/agent-knowledge-policy.md	docs/documentation/documentation-index.md	CURRENT	supporting current documentation
CURRENT_OPERATIONAL	docs/governance/document-lifecycle-policy.md	docs/documentation/documentation-index.md	CURRENT	supporting current documentation
CURRENT_OPERATIONAL	docs/governance/document-validation-policy.md	docs/documentation/documentation-index.md	CURRENT	supporting current documentation
CURRENT_OPERATIONAL	docs/governance/domain-authority-targeted-tests.md	docs/documentation/documentation-index.md	CURRENT	supporting current documentation
CURRENT_OPERATIONAL	docs/governance/test-execution-parallelization-and-validation-policy-v1.md	docs/documentation/documentation-index.md	CURRENT	supporting current documentation
CURRENT_OPERATIONAL	docs/gpac-provider.md	docs/documentation/documentation-index.md	CURRENT	supporting current documentation
CURRENT_OPERATIONAL	docs/gpu-rendering.md	docs/documentation/documentation-index.md	CURRENT	supporting current documentation
CURRENT_OPERATIONAL	docs/gstreamer-provider.md	docs/documentation/documentation-index.md	CURRENT	supporting current documentation
CURRENT_OPERATIONAL	docs/handoff/current-phase.md	docs/documentation/documentation-index.md	CURRENT	supporting current documentation
CURRENT_OPERATIONAL	docs/handoff/reading-guide.md	docs/documentation/documentation-index.md	CURRENT	supporting current documentation
CURRENT_OPERATIONAL	docs/human-review-needed.md	docs/documentation/documentation-index.md	CURRENT	supporting current documentation
CURRENT_OPERATIONAL	docs/index.md	docs/documentation/documentation-index.md	CURRENT	supporting current documentation
CURRENT_OPERATIONAL	docs/infrastructure-as-code.md	docs/documentation/documentation-index.md	CURRENT	supporting current documentation
CURRENT_OPERATIONAL	docs/ingest/ffprobe-media-metadata-design.md	docs/documentation/documentation-index.md	CURRENT	supporting current documentation
CURRENT_OPERATIONAL	docs/ingest/ffprobe-media-metadata-dto.md	docs/documentation/documentation-index.md	CURRENT	supporting current documentation
CURRENT_OPERATIONAL	docs/ingest/ffprobe-media-metadata-poc.md	docs/documentation/documentation-index.md	CURRENT	supporting current documentation
CURRENT_OPERATIONAL	docs/ingest/ingest-metadata-contract.md	docs/documentation/documentation-index.md	CURRENT	supporting current documentation
CURRENT_OPERATIONAL	docs/ingest/ingest-preflight-contract-dto.md	docs/documentation/documentation-index.md	CURRENT	supporting current documentation
CURRENT_OPERATIONAL	docs/ingest/preflight-policy-evaluator-config-binding.md	docs/documentation/documentation-index.md	CURRENT	supporting current documentation
CURRENT_OPERATIONAL	docs/ingest/preflight-policy-evaluator-design.md	docs/documentation/documentation-index.md	CURRENT	supporting current documentation
CURRENT_OPERATIONAL	docs/ingest/preflight-policy-evaluator-dto.md	docs/documentation/documentation-index.md	CURRENT	supporting current documentation
CURRENT_OPERATIONAL	docs/ingest/preflight-policy-evaluator-readonly-diagnostics.md	docs/documentation/documentation-index.md	CURRENT	supporting current documentation
CURRENT_OPERATIONAL	docs/ingest/preflight-policy-evaluator-report-only-integration.md	docs/documentation/documentation-index.md	CURRENT	supporting current documentation
CURRENT_OPERATIONAL	docs/ingest/preflight-policy-evaluator-report-only.md	docs/documentation/documentation-index.md	CURRENT	supporting current documentation
CURRENT_OPERATIONAL	docs/ingest/preflight-safe-report-dto.md	docs/documentation/documentation-index.md	CURRENT	supporting current documentation
CURRENT_OPERATIONAL	docs/ingest/preflight-safe-report-persistence-closeout.md	docs/documentation/documentation-index.md	CURRENT	supporting current documentation
CURRENT_OPERATIONAL	docs/ingest/preflight-safe-report-persistence-config-binding.md	docs/documentation/documentation-index.md	CURRENT	supporting current documentation
CURRENT_OPERATIONAL	docs/ingest/preflight-safe-report-persistence-contract.md	docs/documentation/documentation-index.md	CURRENT	supporting current documentation
CURRENT_OPERATIONAL	docs/ingest/preflight-safe-report-persistence-design.md	docs/documentation/documentation-index.md	CURRENT	supporting current documentation
CURRENT_OPERATIONAL	docs/ingest/preflight-safe-report-persistence-hook-integration-design.md	docs/documentation/documentation-index.md	CURRENT	supporting current documentation
CURRENT_OPERATIONAL	docs/ingest/preflight-safe-report-persistence-hook-integration.md	docs/documentation/documentation-index.md	CURRENT	supporting current documentation
CURRENT_OPERATIONAL	docs/ingest/preflight-safe-report-persistence-read-endpoint-design.md	docs/documentation/documentation-index.md	CURRENT	supporting current documentation
CURRENT_OPERATIONAL	docs/ingest/preflight-safe-report-persistence-read-endpoint-implementation.md	docs/documentation/documentation-index.md	CURRENT	supporting current documentation
CURRENT_OPERATIONAL	docs/ingest/preflight-safe-report-persistence-retention-design.md	docs/documentation/documentation-index.md	CURRENT	supporting current documentation
CURRENT_OPERATIONAL	docs/ingest/preflight-safe-report-persistence-retention-dry-run-design.md	docs/documentation/documentation-index.md	CURRENT	supporting current documentation
CURRENT_OPERATIONAL	docs/ingest/preflight-safe-report-persistence-retention-dry-run-implementation.md	docs/documentation/documentation-index.md	CURRENT	supporting current documentation
CURRENT_OPERATIONAL	docs/ingest/preflight-safe-report-persistence-schema-design.md	docs/documentation/documentation-index.md	CURRENT	supporting current documentation
CURRENT_OPERATIONAL	docs/ingest/preflight-safe-report-persistence-schema-implementation.md	docs/documentation/documentation-index.md	CURRENT	supporting current documentation
CURRENT_OPERATIONAL	docs/ingest/preflight-safe-report-persistence-writer-design.md	docs/documentation/documentation-index.md	CURRENT	supporting current documentation
CURRENT_OPERATIONAL	docs/ingest/preflight-safe-report-persistence-writer-implementation.md	docs/documentation/documentation-index.md	CURRENT	supporting current documentation
CURRENT_OPERATIONAL	docs/ingest/preflight-safe-report-report-only-persistence-design-review.md	docs/documentation/documentation-index.md	CURRENT	supporting current documentation
CURRENT_OPERATIONAL	docs/ingest/tika-ffprobe-merge-report-only.md	docs/documentation/documentation-index.md	CURRENT	supporting current documentation
CURRENT_OPERATIONAL	docs/ingest/tika-metadata-evaluation.md	docs/documentation/documentation-index.md	CURRENT	supporting current documentation
CURRENT_OPERATIONAL	docs/ingest/tika-metadata-poc.md	docs/documentation/documentation-index.md	CURRENT	supporting current documentation
CURRENT_OPERATIONAL	docs/ingest/tika-preflight-report-only.md	docs/documentation/documentation-index.md	CURRENT	supporting current documentation
CURRENT_OPERATIONAL	docs/ingest/upload-preflight-design.md	docs/documentation/documentation-index.md	CURRENT	supporting current documentation
CURRENT_OPERATIONAL	docs/ingest/upload-preflight-report-only-integration.md	docs/documentation/documentation-index.md	CURRENT	supporting current documentation
CURRENT_OPERATIONAL	docs/javacv-migration-guide.md	docs/documentation/documentation-index.md	CURRENT	supporting current documentation
CURRENT_OPERATIONAL	docs/jooq-workflow.md	docs/documentation/documentation-index.md	CURRENT	supporting current documentation
CURRENT_OPERATIONAL	docs/k8s-deployment.md	docs/documentation/documentation-index.md	CURRENT	supporting current documentation
CURRENT_OPERATIONAL	docs/kilo-execution-summary.md	docs/documentation/documentation-index.md	CURRENT	supporting current documentation
CURRENT_OPERATIONAL	docs/layering-and-open-source.md	docs/documentation/documentation-index.md	CURRENT	supporting current documentation
CURRENT_OPERATIONAL	docs/liteflow-temporal-architecture.md	docs/documentation/documentation-index.md	CURRENT	supporting current documentation
CURRENT_OPERATIONAL	docs/marketplace/marketplace-foundation.md	docs/documentation/documentation-index.md	CURRENT	supporting current documentation
CURRENT_OPERATIONAL	docs/media-processing-module.md	docs/documentation/documentation-index.md	CURRENT	supporting current documentation
CURRENT_OPERATIONAL	docs/media-rendering/01-render-pipeline.md	docs/documentation/documentation-index.md	CURRENT	supporting current documentation
CURRENT_OPERATIONAL	docs/media-rendering/02-provider-registration.md	docs/documentation/documentation-index.md	CURRENT	supporting current documentation
CURRENT_OPERATIONAL	docs/media-rendering/03-provider-roadmap.md	docs/documentation/documentation-index.md	CURRENT	supporting current documentation
CURRENT_OPERATIONAL	docs/media-rendering/04-media-probe.md	docs/documentation/documentation-index.md	CURRENT	supporting current documentation
CURRENT_OPERATIONAL	docs/media-rendering/05-subtitle-burn-in.md	docs/documentation/documentation-index.md	CURRENT	supporting current documentation
CURRENT_OPERATIONAL	docs/media-rendering/06-vfx-compositing-ecosystem-selection.md	docs/documentation/documentation-index.md	CURRENT	supporting current documentation
CURRENT_OPERATIONAL	docs/media-rendering/07-natron-worker-poc.md	docs/documentation/documentation-index.md	CURRENT	supporting current documentation
CURRENT_OPERATIONAL	docs/media-rendering/08-pipeline-tools-shotstack-natron-popcornfx-bento4.md	docs/documentation/documentation-index.md	CURRENT	supporting current documentation
CURRENT_OPERATIONAL	docs/media-rendering/09-popcornfx-asset-overlay.md	docs/documentation/documentation-index.md	CURRENT	supporting current documentation
CURRENT_OPERATIONAL	docs/media-rendering/10-server-nle-layered-architecture.md	docs/documentation/documentation-index.md	CURRENT	supporting current documentation
CURRENT_OPERATIONAL	docs/media-rendering/11-layer-tools-reference.md	docs/documentation/documentation-index.md	CURRENT	supporting current documentation
CURRENT_OPERATIONAL	docs/media-rendering/12-server-nle-standards-and-architecture.md	docs/documentation/documentation-index.md	CURRENT	supporting current documentation
CURRENT_OPERATIONAL	docs/media-rendering/13-internal-timeline-schema-v1.md	docs/documentation/documentation-index.md	CURRENT	supporting current documentation
CURRENT_OPERATIONAL	docs/media-rendering/effect-migration-mapping.md	docs/documentation/documentation-index.md	CURRENT	supporting current documentation
CURRENT_OPERATIONAL	docs/media-rendering/effect-taxonomy-implementation-guide.md	docs/documentation/documentation-index.md	CURRENT	supporting current documentation
CURRENT_OPERATIONAL	docs/media-rendering/effect-taxonomy-v1.md	docs/documentation/documentation-index.md	CURRENT	supporting current documentation
CURRENT_OPERATIONAL	docs/media-rendering/effect-taxonomy.md	docs/documentation/documentation-index.md	CURRENT	supporting current documentation
CURRENT_OPERATIONAL	docs/media-rendering/examples/timeline-v1-full-sample.json	docs/documentation/documentation-index.md	CURRENT	supporting current documentation
CURRENT_OPERATIONAL	docs/media-rendering/examples/timeline-v2-sample.json	docs/documentation/documentation-index.md	CURRENT	supporting current documentation
CURRENT_OPERATIONAL	docs/media-rendering/golden-render-project.md	docs/documentation/documentation-index.md	CURRENT	supporting current documentation
CURRENT_OPERATIONAL	docs/media-rendering/project-export-v1-example/assets.json	docs/documentation/documentation-index.md	CURRENT	supporting current documentation
CURRENT_OPERATIONAL	docs/media-rendering/project-export-v1-example/manifest.json	docs/documentation/documentation-index.md	CURRENT	supporting current documentation
CURRENT_OPERATIONAL	docs/media-rendering/project-export.md	docs/documentation/documentation-index.md	CURRENT	supporting current documentation
CURRENT_OPERATIONAL	docs/media-rendering/render-provider-capability-matrix.md	docs/documentation/documentation-index.md	CURRENT	supporting current documentation
CURRENT_OPERATIONAL	docs/media-rendering/spatial-coordinate-system.md	docs/documentation/documentation-index.md	CURRENT	supporting current documentation
CURRENT_OPERATIONAL	docs/media-rendering/subtitle-burn-in-productization.md	docs/documentation/documentation-index.md	CURRENT	supporting current documentation
CURRENT_OPERATIONAL	docs/media-rendering/subtitle-font-pipeline-readiness.md	docs/documentation/documentation-index.md	CURRENT	supporting current documentation
CURRENT_OPERATIONAL	docs/media-rendering/subtitle-rendering-strategy-adr.md	docs/documentation/documentation-index.md	CURRENT	supporting current documentation
CURRENT_OPERATIONAL	docs/media-rendering/timeline-effect-api-productization.md	docs/documentation/documentation-index.md	CURRENT	supporting current documentation
CURRENT_OPERATIONAL	docs/media-rendering/video-crop-implementation.md	docs/documentation/documentation-index.md	CURRENT	supporting current documentation
CURRENT_OPERATIONAL	docs/mlt-provider.md	docs/documentation/documentation-index.md	CURRENT	supporting current documentation
CURRENT_OPERATIONAL	docs/module-boundaries.md	docs/documentation/documentation-index.md	CURRENT	supporting current documentation
CURRENT_OPERATIONAL	docs/modules/01-core-modules.md	docs/documentation/documentation-index.md	CURRENT	supporting current documentation
CURRENT_OPERATIONAL	docs/modules/02-media-modules.md	docs/documentation/documentation-index.md	CURRENT	supporting current documentation
CURRENT_OPERATIONAL	docs/modules/03-business-modules.md	docs/documentation/documentation-index.md	CURRENT	supporting current documentation
CURRENT_OPERATIONAL	docs/modules/04-platform-modules.md	docs/documentation/documentation-index.md	CURRENT	supporting current documentation
CURRENT_OPERATIONAL	docs/modulith-debt-register.md	docs/documentation/documentation-index.md	CURRENT	supporting current documentation
CURRENT_OPERATIONAL	docs/multi-language-subtitle.md	docs/documentation/documentation-index.md	CURRENT	supporting current documentation
CURRENT_OPERATIONAL	docs/multi-provider-orchestration.md	docs/documentation/documentation-index.md	CURRENT	supporting current documentation
CURRENT_OPERATIONAL	docs/natural-language-query-assistant.md	docs/documentation/documentation-index.md	CURRENT	supporting current documentation
CURRENT_OPERATIONAL	docs/nix.md	docs/documentation/documentation-index.md	CURRENT	supporting current documentation
CURRENT_OPERATIONAL	docs/notification-integrations.md	docs/documentation/documentation-index.md	CURRENT	supporting current documentation
CURRENT_OPERATIONAL	docs/notification-template-management.md	docs/documentation/documentation-index.md	CURRENT	supporting current documentation
CURRENT_OPERATIONAL	docs/observability/01-observability.md	docs/architecture/current/architecture-entrypoint.md	CURRENT	operational guidance
CURRENT_OPERATIONAL	docs/observability/02-third-party-monitoring.md	docs/architecture/current/architecture-entrypoint.md	CURRENT	operational guidance
CURRENT_OPERATIONAL	docs/observability/03-problematic-data.md	docs/architecture/current/architecture-entrypoint.md	CURRENT	operational guidance
CURRENT_OPERATIONAL	docs/observability/04-anomaly-detection.md	docs/architecture/current/architecture-entrypoint.md	CURRENT	operational guidance
CURRENT_OPERATIONAL	docs/observability/05-feedback-monitoring.md	docs/architecture/current/architecture-entrypoint.md	CURRENT	operational guidance
CURRENT_OPERATIONAL	docs/observability/notification-center.md	docs/architecture/current/architecture-entrypoint.md	CURRENT	operational guidance
CURRENT_OPERATIONAL	docs/observability/novu-integration.md	docs/architecture/current/architecture-entrypoint.md	CURRENT	operational guidance
CURRENT_OPERATIONAL	docs/observability/webhook-notification-security.md	docs/architecture/current/architecture-entrypoint.md	CURRENT	operational guidance
CURRENT_OPERATIONAL	docs/observability.md	docs/architecture/current/architecture-entrypoint.md	CURRENT	operational guidance
CURRENT_OPERATIONAL	docs/ofx-provider.md	docs/documentation/documentation-index.md	CURRENT	supporting current documentation
CURRENT_OPERATIONAL	docs/operations/agent-dependency-rules.md	docs/architecture/current/architecture-entrypoint.md	CURRENT	operational guidance
CURRENT_OPERATIONAL	docs/operations/agent-local-guardrails.md	docs/architecture/current/architecture-entrypoint.md	CURRENT	operational guidance
CURRENT_OPERATIONAL	docs/operations/agent-security-scanning-rules.md	docs/architecture/current/architecture-entrypoint.md	CURRENT	operational guidance
CURRENT_OPERATIONAL	docs/operations/aws-lambda-verification.md	docs/architecture/current/architecture-entrypoint.md	CURRENT	operational guidance
CURRENT_OPERATIONAL	docs/operations/ci-verification-guide.md	docs/architecture/current/architecture-entrypoint.md	CURRENT	operational guidance
CURRENT_OPERATIONAL	docs/operations/cuebot-grpc-job-submission-spike-runbook.md	docs/architecture/current/architecture-entrypoint.md	CURRENT	operational guidance
CURRENT_OPERATIONAL	docs/operations/dependency-governance.md	docs/architecture/current/architecture-entrypoint.md	CURRENT	operational guidance
SUPERSEDED	docs/operations/flyway-baseline-runbook.md	docs/database/flyway-migration-baseline.md	HISTORICAL	consolidated Flyway policy
SUPERSEDED	docs/operations/flyway-migration-guide.md	docs/database/flyway-migration-baseline.md	HISTORICAL	consolidated Flyway policy
CURRENT_OPERATIONAL	docs/operations/gitops-staging-deploy-runbook.md	docs/architecture/current/architecture-entrypoint.md	CURRENT	operational guidance
CURRENT_OPERATIONAL	docs/operations/headless-api-validation.md	docs/architecture/current/architecture-entrypoint.md	CURRENT	operational guidance
CURRENT_OPERATIONAL	docs/operations/homelab-platform-architecture.md	docs/architecture/current/architecture-entrypoint.md	CURRENT	operational guidance
CURRENT_OPERATIONAL	docs/operations/local-guardrails.md	docs/architecture/current/architecture-entrypoint.md	CURRENT	operational guidance
CURRENT_OPERATIONAL	docs/operations/manual-review-runbook.md	docs/architecture/current/architecture-entrypoint.md	CURRENT	operational guidance
CURRENT_OPERATIONAL	docs/operations/observability-baseline.md	docs/architecture/current/architecture-entrypoint.md	CURRENT	operational guidance
CURRENT_OPERATIONAL	docs/operations/opencue-local-docker-job-submission-smoke-runbook.md	docs/architecture/current/architecture-entrypoint.md	CURRENT	operational guidance
CURRENT_OPERATIONAL	docs/operations/opencue-local-docker-runtime-readiness-runbook.md	docs/architecture/current/architecture-entrypoint.md	CURRENT	operational guidance
CURRENT_OPERATIONAL	docs/operations/opencue-local-docker-runtime-smoke-runbook.md	docs/architecture/current/architecture-entrypoint.md	CURRENT	operational guidance
CURRENT_OPERATIONAL	docs/operations/opencue-local-docker-smoke-runbook.md	docs/architecture/current/architecture-entrypoint.md	CURRENT	operational guidance
CURRENT_OPERATIONAL	docs/operations/opencue-multiframe-multilayer-runbook.md	docs/architecture/current/architecture-entrypoint.md	CURRENT	operational guidance
CURRENT_OPERATIONAL	docs/operations/opencue-render-execution-plan-mapping-runbook.md	docs/architecture/current/architecture-entrypoint.md	CURRENT	operational guidance
CURRENT_OPERATIONAL	docs/operations/postgres-preview-staging-runbook.md	docs/architecture/current/architecture-entrypoint.md	CURRENT	operational guidance
CURRENT_OPERATIONAL	docs/operations/pve-deployment-verification.md	docs/architecture/current/architecture-entrypoint.md	CURRENT	operational guidance
CURRENT_OPERATIONAL	docs/operations/secret-handling.md	docs/architecture/current/architecture-entrypoint.md	CURRENT	operational guidance
CURRENT_OPERATIONAL	docs/operations/security-preview-safe-mode-runbook.md	docs/architecture/current/architecture-entrypoint.md	CURRENT	operational guidance
CURRENT_OPERATIONAL	docs/operations/security-scanning-baseline.md	docs/architecture/current/architecture-entrypoint.md	CURRENT	operational guidance
CURRENT_OPERATIONAL	docs/operations/timeline-render-plan-based-rollback-runbook.md	docs/architecture/current/architecture-entrypoint.md	CURRENT	operational guidance
CURRENT_OPERATIONAL	docs/operations/tooling-decision-matrix.md	docs/architecture/current/architecture-entrypoint.md	CURRENT	operational guidance
CURRENT_OPERATIONAL	docs/operations/tooling-roadmap.md	docs/architecture/current/architecture-entrypoint.md	CURRENT	operational guidance
CURRENT_OPERATIONAL	docs/operations/tooling-taxonomy.md	docs/architecture/current/architecture-entrypoint.md	CURRENT	operational guidance
CURRENT_OPERATIONAL	docs/operations/verification-agent-architecture.md	docs/architecture/current/architecture-entrypoint.md	CURRENT	operational guidance
CURRENT_OPERATIONAL	docs/outbox-reliability.md	docs/documentation/documentation-index.md	CURRENT	supporting current documentation
CURRENT_OPERATIONAL	docs/overview/01-project-overview.md	docs/documentation/documentation-index.md	CURRENT	supporting current documentation
CURRENT_OPERATIONAL	docs/overview/02-project-status.md	docs/documentation/documentation-index.md	CURRENT	supporting current documentation
CURRENT_OPERATIONAL	docs/persistence-restart-semantics.md	docs/documentation/documentation-index.md	CURRENT	supporting current documentation
CURRENT_OPERATIONAL	docs/platform/compute-capability.md	docs/documentation/documentation-index.md	CURRENT	supporting current documentation
CURRENT_OPERATIONAL	docs/platform/database-capability-exposure.md	docs/documentation/documentation-index.md	CURRENT	supporting current documentation
CURRENT_OPERATIONAL	docs/platform/first-wave-compute-plan.md	docs/documentation/documentation-index.md	CURRENT	supporting current documentation
CURRENT_OPERATIONAL	docs/platform/platform-foundation.md	docs/documentation/documentation-index.md	CURRENT	supporting current documentation
CURRENT_OPERATIONAL	docs/platform/sandbox-layer.md	docs/documentation/documentation-index.md	CURRENT	supporting current documentation
CURRENT_OPERATIONAL	docs/production-blockers.md	docs/documentation/documentation-index.md	CURRENT	supporting current documentation
CURRENT_OPERATIONAL	docs/production-readiness.md	docs/documentation/documentation-index.md	CURRENT	supporting current documentation
CURRENT_OPERATIONAL	docs/production-safety.md	docs/documentation/documentation-index.md	CURRENT	supporting current documentation
CURRENT_OPERATIONAL	docs/project-architecture-operations-guide.md	docs/documentation/documentation-index.md	CURRENT	supporting current documentation
CURRENT_OPERATIONAL	docs/project-naming-audit.md	docs/documentation/documentation-index.md	CURRENT	supporting current documentation
CURRENT_OPERATIONAL	docs/prompt-63-verification-report.md	docs/documentation/documentation-index.md	CURRENT	supporting current documentation
CURRENT_OPERATIONAL	docs/prompt-ai/01-prompt-engineering.md	docs/documentation/documentation-index.md	CURRENT	supporting current documentation
CURRENT_OPERATIONAL	docs/prompt-ai/02-prompt-extensions.md	docs/documentation/documentation-index.md	CURRENT	supporting current documentation
CURRENT_OPERATIONAL	docs/prompt-ai/03-nlq.md	docs/documentation/documentation-index.md	CURRENT	supporting current documentation
CURRENT_OPERATIONAL	docs/quota-policy.md	docs/documentation/documentation-index.md	CURRENT	supporting current documentation
CURRENT_OPERATIONAL	docs/rbac-abac-access-control.md	docs/documentation/documentation-index.md	CURRENT	supporting current documentation
CURRENT_OPERATIONAL	docs/reading-guide.md	docs/documentation/documentation-index.md	CURRENT	supporting current documentation
HISTORICAL_EVIDENCE	docs/releases/ci-fix-and-docs-2026-06-07.md	docs/architecture/current/architecture-entrypoint.md	HISTORICAL	review or release evidence
HISTORICAL_EVIDENCE	docs/releases/ci-fix-remaining-9-2026-06-07.md	docs/architecture/current/architecture-entrypoint.md	HISTORICAL	review or release evidence
HISTORICAL_EVIDENCE	docs/releases/ci-preexisting-failures-2026-06-06.md	docs/architecture/current/architecture-entrypoint.md	HISTORICAL	review or release evidence
HISTORICAL_EVIDENCE	docs/releases/human-review-execution-2026-06-08.md	docs/architecture/current/architecture-entrypoint.md	HISTORICAL	review or release evidence
HISTORICAL_EVIDENCE	docs/releases/human-review-tracker-2026-06-08.md	docs/architecture/current/architecture-entrypoint.md	HISTORICAL	review or release evidence
HISTORICAL_EVIDENCE	docs/releases/p4-docs-final-state-check-report.md	docs/architecture/current/architecture-entrypoint.md	HISTORICAL	review or release evidence
HISTORICAL_EVIDENCE	docs/releases/p4-docs-restructure-final-report.md	docs/architecture/current/architecture-entrypoint.md	HISTORICAL	review or release evidence
HISTORICAL_EVIDENCE	docs/releases/p4-import-export-debt-report.md	docs/architecture/current/architecture-entrypoint.md	HISTORICAL	review or release evidence
HISTORICAL_EVIDENCE	docs/releases/p4-import-export-status-report.md	docs/architecture/current/architecture-entrypoint.md	HISTORICAL	review or release evidence
HISTORICAL_EVIDENCE	docs/releases/p4-pre-human-review-autocheck-report.md	docs/architecture/current/architecture-entrypoint.md	HISTORICAL	review or release evidence
HISTORICAL_EVIDENCE	docs/releases/prelaunch-migration-squash-2026-06-06.md	docs/architecture/current/architecture-entrypoint.md	HISTORICAL	review or release evidence
HISTORICAL_EVIDENCE	docs/releases/rc-2026-06-06.md	docs/architecture/current/architecture-entrypoint.md	HISTORICAL	review or release evidence
HISTORICAL_EVIDENCE	docs/releases/rc-human-signoff-2026-06-06.md	docs/architecture/current/architecture-entrypoint.md	HISTORICAL	review or release evidence
HISTORICAL_EVIDENCE	docs/releases/staging-readiness-gate-2026-06-06.md	docs/architecture/current/architecture-entrypoint.md	HISTORICAL	review or release evidence
HISTORICAL_EVIDENCE	docs/releases/staging-readiness-gate-2026-06-08.md	docs/architecture/current/architecture-entrypoint.md	HISTORICAL	review or release evidence
CURRENT_OPERATIONAL	docs/remote-worker-architecture.md	docs/documentation/documentation-index.md	CURRENT	supporting current documentation
CURRENT_OPERATIONAL	docs/render/adr/ADR-001-render-provider-classification.md	docs/documentation/documentation-index.md	CURRENT	supporting current documentation
CURRENT_OPERATIONAL	docs/render/adr/ADR-002-capability-vs-enabled-capability.md	docs/documentation/documentation-index.md	CURRENT	supporting current documentation
CURRENT_OPERATIONAL	docs/render/adr/ADR-003-ffmpeg-as-core-media-provider.md	docs/documentation/documentation-index.md	CURRENT	supporting current documentation
CURRENT_OPERATIONAL	docs/render/adr/ADR-004-remotion-as-subtitle-template-provider.md	docs/documentation/documentation-index.md	CURRENT	supporting current documentation
CURRENT_OPERATIONAL	docs/render/adr/ADR-005-liteflow-workflow-orchestration.md	docs/documentation/documentation-index.md	CURRENT	supporting current documentation
CURRENT_OPERATIONAL	docs/render/adr/ADR-006-bmf-spike-only-decision.md	docs/documentation/documentation-index.md	CURRENT	supporting current documentation
CURRENT_OPERATIONAL	docs/render/adr/ADR-007-deprecate-ofx-javacv-natron.md	docs/documentation/documentation-index.md	CURRENT	supporting current documentation
CURRENT_OPERATIONAL	docs/render/adr/ADR-026-phase-2b-high-autonomy-feature-completion.md	docs/documentation/documentation-index.md	CURRENT	supporting current documentation
CURRENT_OPERATIONAL	docs/render/adr/ADR-027-architecture-map-as-code-likec4.md	docs/documentation/documentation-index.md	CURRENT	supporting current documentation
CURRENT_OPERATIONAL	docs/render/artifact-output-validation.md	docs/documentation/documentation-index.md	CURRENT	supporting current documentation
CURRENT_OPERATIONAL	docs/render/ass-generator-mvp.md	docs/documentation/documentation-index.md	CURRENT	supporting current documentation
CURRENT_OPERATIONAL	docs/render/basic-effects-dsl.md	docs/documentation/documentation-index.md	CURRENT	supporting current documentation
CURRENT_OPERATIONAL	docs/render/bmf-research.md	docs/documentation/documentation-index.md	CURRENT	supporting current documentation
CURRENT_OPERATIONAL	docs/render/capability-matrix.md	docs/documentation/documentation-index.md	CURRENT	supporting current documentation
CURRENT_OPERATIONAL	docs/render/ffmpeg-filtergraph-compiler.md	docs/documentation/documentation-index.md	CURRENT	supporting current documentation
CURRENT_OPERATIONAL	docs/render/font-ci-acceptance.md	docs/documentation/documentation-index.md	CURRENT	supporting current documentation
CURRENT_OPERATIONAL	docs/render/font-manifest-schema.md	docs/documentation/documentation-index.md	CURRENT	supporting current documentation
CURRENT_OPERATIONAL	docs/render/font-metadata-and-coverage.md	docs/documentation/documentation-index.md	CURRENT	supporting current documentation
CURRENT_OPERATIONAL	docs/render/font-ots-sanitizer.md	docs/documentation/documentation-index.md	CURRENT	supporting current documentation
CURRENT_OPERATIONAL	docs/render/font-pipeline.md	docs/documentation/documentation-index.md	CURRENT	supporting current documentation
CURRENT_OPERATIONAL	docs/render/font-qa-roadmap.md	docs/documentation/documentation-index.md	CURRENT	supporting current documentation
CURRENT_OPERATIONAL	docs/render/font-security.md	docs/documentation/documentation-index.md	CURRENT	supporting current documentation
CURRENT_OPERATIONAL	docs/render/font-subsetting.md	docs/documentation/documentation-index.md	CURRENT	supporting current documentation
CURRENT_OPERATIONAL	docs/render/font-validation.md	docs/documentation/documentation-index.md	CURRENT	supporting current documentation
CURRENT_OPERATIONAL	docs/render/frontend-minimum-demo.md	docs/documentation/documentation-index.md	CURRENT	supporting current documentation
CURRENT_OPERATIONAL	docs/render/liteflow-integration.md	docs/documentation/documentation-index.md	CURRENT	supporting current documentation
CURRENT_OPERATIONAL	docs/render/liteflow-poc-chains.md	docs/documentation/documentation-index.md	CURRENT	supporting current documentation
CURRENT_OPERATIONAL	docs/render/mlt-provider.md	docs/documentation/documentation-index.md	CURRENT	supporting current documentation
CURRENT_OPERATIONAL	docs/render/otio-as-core-timeline.md	docs/documentation/documentation-index.md	CURRENT	supporting current documentation
CURRENT_OPERATIONAL	docs/render/overview.md	docs/documentation/documentation-index.md	CURRENT	supporting current documentation
CURRENT_OPERATIONAL	docs/render/provider-deprecation.md	docs/documentation/documentation-index.md	CURRENT	supporting current documentation
CURRENT_OPERATIONAL	docs/render/provider-roadmap.md	docs/documentation/documentation-index.md	CURRENT	supporting current documentation
CURRENT_OPERATIONAL	docs/render/provider-types.md	docs/documentation/documentation-index.md	CURRENT	supporting current documentation
CURRENT_OPERATIONAL	docs/render/remotion-provider-poc.md	docs/documentation/documentation-index.md	CURRENT	supporting current documentation
CURRENT_OPERATIONAL	docs/render/remotion-provider.md	docs/documentation/documentation-index.md	CURRENT	supporting current documentation
CURRENT_OPERATIONAL	docs/render/render-execution-plane-fullstack-closeout.md	docs/documentation/documentation-index.md	CURRENT	supporting current documentation
CURRENT_OPERATIONAL	docs/render/render-execution-readiness-audit.md	docs/documentation/documentation-index.md	CURRENT	supporting current documentation
CURRENT_OPERATIONAL	docs/render/render-execution-readiness-report.md	docs/documentation/documentation-index.md	CURRENT	supporting current documentation
CURRENT_OPERATIONAL	docs/render/render-job-event-retention.md	docs/documentation/documentation-index.md	CURRENT	supporting current documentation
CURRENT_OPERATIONAL	docs/render/render-job-events.md	docs/documentation/documentation-index.md	CURRENT	supporting current documentation
CURRENT_OPERATIONAL	docs/render/render-job-schema.md	docs/documentation/documentation-index.md	CURRENT	supporting current documentation
CURRENT_OPERATIONAL	docs/render/render-planner-v1.md	docs/documentation/documentation-index.md	CURRENT	supporting current documentation
CURRENT_OPERATIONAL	docs/render/render-platform-foundation-summary.md	docs/documentation/documentation-index.md	CURRENT	supporting current documentation
CURRENT_OPERATIONAL	docs/render/render-worker-claiming-hardening.md	docs/documentation/documentation-index.md	CURRENT	supporting current documentation
CURRENT_OPERATIONAL	docs/render/render-worker-deploy.md	docs/documentation/documentation-index.md	CURRENT	supporting current documentation
CURRENT_OPERATIONAL	docs/render/render-worker-execution.md	docs/documentation/documentation-index.md	CURRENT	supporting current documentation
CURRENT_OPERATIONAL	docs/render/render-worker-ffmpeg.md	docs/documentation/documentation-index.md	CURRENT	supporting current documentation
CURRENT_OPERATIONAL	docs/render/render-worker-metrics.md	docs/documentation/documentation-index.md	CURRENT	supporting current documentation
CURRENT_OPERATIONAL	docs/render/render-worker-minimal-design.md	docs/documentation/documentation-index.md	CURRENT	supporting current documentation
CURRENT_OPERATIONAL	docs/render/render-worker-observability.md	docs/documentation/documentation-index.md	CURRENT	supporting current documentation
CURRENT_OPERATIONAL	docs/render/render-worker-output-cleanup.md	docs/documentation/documentation-index.md	CURRENT	supporting current documentation
CURRENT_OPERATIONAL	docs/render/render-worker-output-idempotency.md	docs/documentation/documentation-index.md	CURRENT	supporting current documentation
CURRENT_OPERATIONAL	docs/render/render-worker-polling.md	docs/documentation/documentation-index.md	CURRENT	supporting current documentation
CURRENT_OPERATIONAL	docs/render/render-worker-recovery.md	docs/documentation/documentation-index.md	CURRENT	supporting current documentation
CURRENT_OPERATIONAL	docs/render/render-worker-retry.md	docs/documentation/documentation-index.md	CURRENT	supporting current documentation
CURRENT_OPERATIONAL	docs/render/routing-rules.md	docs/documentation/documentation-index.md	CURRENT	supporting current documentation
CURRENT_OPERATIONAL	docs/render/spring-boot-classloader-deep-diagnostic.md	docs/documentation/documentation-index.md	CURRENT	supporting current documentation
CURRENT_OPERATIONAL	docs/render/spring-mvc-route-registration-debug.md	docs/documentation/documentation-index.md	CURRENT	supporting current documentation
CURRENT_OPERATIONAL	docs/render/subtitle-dsl-ass.md	docs/documentation/documentation-index.md	CURRENT	supporting current documentation
CURRENT_OPERATIONAL	docs/render/subtitle-render-smoke.md	docs/documentation/documentation-index.md	CURRENT	supporting current documentation
CURRENT_OPERATIONAL	docs/render/testing-plan.md	docs/documentation/documentation-index.md	CURRENT	supporting current documentation
CURRENT_OPERATIONAL	docs/render/text-overlay-security.md	docs/documentation/documentation-index.md	CURRENT	supporting current documentation
CURRENT_OPERATIONAL	docs/render/timeline-render-mvp.md	docs/documentation/documentation-index.md	CURRENT	supporting current documentation
CURRENT_OPERATIONAL	docs/render-ffmpeg.md	docs/documentation/documentation-index.md	CURRENT	supporting current documentation
CURRENT_OPERATIONAL	docs/render-gpac-packaging.md	docs/documentation/documentation-index.md	CURRENT	supporting current documentation
CURRENT_OPERATIONAL	docs/render-mlt.md	docs/documentation/documentation-index.md	CURRENT	supporting current documentation
CURRENT_OPERATIONAL	docs/render-pipeline-implementation-zh.md	docs/documentation/documentation-index.md	CURRENT	supporting current documentation
CURRENT_OPERATIONAL	docs/render-pipeline-implementation.md	docs/documentation/documentation-index.md	CURRENT	supporting current documentation
CURRENT_OPERATIONAL	docs/render-provider-extension-roadmap.md	docs/documentation/documentation-index.md	CURRENT	supporting current documentation
CURRENT_OPERATIONAL	docs/render-provider-integration.md	docs/documentation/documentation-index.md	CURRENT	supporting current documentation
CURRENT_OPERATIONAL	docs/render-provider-routing.md	docs/documentation/documentation-index.md	CURRENT	supporting current documentation
CURRENT_OPERATIONAL	docs/render-state-machine.md	docs/documentation/documentation-index.md	CURRENT	supporting current documentation
CURRENT_OPERATIONAL	docs/render-worker-architecture.md	docs/documentation/documentation-index.md	CURRENT	supporting current documentation
CURRENT_OPERATIONAL	docs/render-worker-deployment.md	docs/documentation/documentation-index.md	CURRENT	supporting current documentation
CURRENT_OPERATIONAL	docs/renderprovider-javaCV.md	docs/documentation/documentation-index.md	CURRENT	supporting current documentation
CURRENT_OPERATIONAL	docs/renderprovider-ofx.md	docs/documentation/documentation-index.md	CURRENT	supporting current documentation
HISTORICAL_EVIDENCE	docs/review/01-production-blockers.md	docs/architecture/current/architecture-entrypoint.md	HISTORICAL	review or release evidence
HISTORICAL_EVIDENCE	docs/review/02-technical-debt.md	docs/architecture/current/architecture-entrypoint.md	HISTORICAL	review or release evidence
HISTORICAL_EVIDENCE	docs/review/03-review-checklists.md	docs/architecture/current/architecture-entrypoint.md	HISTORICAL	review or release evidence
HISTORICAL_EVIDENCE	docs/review/04-documentation-audit-report.md	docs/architecture/current/architecture-entrypoint.md	HISTORICAL	review or release evidence
HISTORICAL_EVIDENCE	docs/review/05-architecture-evaluation.md	docs/architecture/current/architecture-entrypoint.md	HISTORICAL	review or release evidence
HISTORICAL_EVIDENCE	docs/review/06-full-module-audit.md	docs/architecture/current/architecture-entrypoint.md	HISTORICAL	review or release evidence
HISTORICAL_EVIDENCE	docs/review/access-governance-foundation.md	docs/architecture/current/architecture-entrypoint.md	HISTORICAL	review or release evidence
HISTORICAL_EVIDENCE	docs/review/ai-data-flow.md	docs/architecture/current/architecture-entrypoint.md	HISTORICAL	review or release evidence
HISTORICAL_EVIDENCE	docs/review/ai-processing-governance.md	docs/architecture/current/architecture-entrypoint.md	HISTORICAL	review or release evidence
HISTORICAL_EVIDENCE	docs/review/ai-provider-plugin-runtime.md	docs/architecture/current/architecture-entrypoint.md	HISTORICAL	review or release evidence
HISTORICAL_EVIDENCE	docs/review/api-scenario-runner-e2e-validation-harness-v0.md	docs/architecture/current/architecture-entrypoint.md	HISTORICAL	review or release evidence
HISTORICAL_EVIDENCE	docs/review/architecture-freeze-report-v1.md	docs/architecture/current/architecture-entrypoint.md	HISTORICAL	review or release evidence
HISTORICAL_EVIDENCE	docs/review/architecture-reprioritization-sprint.md	docs/architecture/current/architecture-entrypoint.md	HISTORICAL	review or release evidence
HISTORICAL_EVIDENCE	docs/review/artifact-dag-deferred-optimization-boundary-v0.md	docs/architecture/current/architecture-entrypoint.md	HISTORICAL	review or release evidence
HISTORICAL_EVIDENCE	docs/review/artifact-dag-indefinite-deferral-extension-boundary-v0.md	docs/architecture/current/architecture-entrypoint.md	HISTORICAL	review or release evidence
HISTORICAL_EVIDENCE	docs/review/asset-domain-events.md	docs/architecture/current/architecture-entrypoint.md	HISTORICAL	review or release evidence
HISTORICAL_EVIDENCE	docs/review/asset-enrichment-spike-sprint-008.md	docs/architecture/current/architecture-entrypoint.md	HISTORICAL	review or release evidence
HISTORICAL_EVIDENCE	docs/review/asset-ingestion-analysis.md	docs/architecture/current/architecture-entrypoint.md	HISTORICAL	review or release evidence
HISTORICAL_EVIDENCE	docs/review/asset-review-and-publish-foundation.md	docs/architecture/current/architecture-entrypoint.md	HISTORICAL	review or release evidence
HISTORICAL_EVIDENCE	docs/review/asset-search-api-foundation.md	docs/architecture/current/architecture-entrypoint.md	HISTORICAL	review or release evidence
HISTORICAL_EVIDENCE	docs/review/asset-semantic-metadata-foundation.md	docs/architecture/current/architecture-entrypoint.md	HISTORICAL	review or release evidence
HISTORICAL_EVIDENCE	docs/review/asset-workbench-api.md	docs/architecture/current/architecture-entrypoint.md	HISTORICAL	review or release evidence
HISTORICAL_EVIDENCE	docs/review/aswf-ecosystem-analysis.md	docs/architecture/current/architecture-entrypoint.md	HISTORICAL	review or release evidence
HISTORICAL_EVIDENCE	docs/review/autonomous-prompt-completion-matrix.md	docs/architecture/current/architecture-entrypoint.md	HISTORICAL	review or release evidence
HISTORICAL_EVIDENCE	docs/review/backend-compiler-runtime.md	docs/architecture/current/architecture-entrypoint.md	HISTORICAL	review or release evidence
HISTORICAL_EVIDENCE	docs/review/backend-execution-model.md	docs/architecture/current/architecture-entrypoint.md	HISTORICAL	review or release evidence
HISTORICAL_EVIDENCE	docs/review/backend-execution-spec-specialization.md	docs/architecture/current/architecture-entrypoint.md	HISTORICAL	review or release evidence
HISTORICAL_EVIDENCE	docs/review/backend-selection-foundation.md	docs/architecture/current/architecture-entrypoint.md	HISTORICAL	review or release evidence
HISTORICAL_EVIDENCE	docs/review/basic-render-plan-local-runner-bridge-v0.md	docs/architecture/current/architecture-entrypoint.md	HISTORICAL	review or release evidence
HISTORICAL_EVIDENCE	docs/review/basic-timeline-editing-model-validation-v0.md	docs/architecture/current/architecture-entrypoint.md	HISTORICAL	review or release evidence
HISTORICAL_EVIDENCE	docs/review/blueprint-reality-mapping-report.md	docs/architecture/current/architecture-entrypoint.md	HISTORICAL	review or release evidence
HISTORICAL_EVIDENCE	docs/review/blueprint-reference-project-alignment-after-p2x0-v0.md	docs/architecture/current/architecture-entrypoint.md	HISTORICAL	review or release evidence
HISTORICAL_EVIDENCE	docs/review/bmf-backend-compiler.md	docs/architecture/current/architecture-entrypoint.md	HISTORICAL	review or release evidence
HISTORICAL_EVIDENCE	docs/review/bmf-local-backend.md	docs/architecture/current/architecture-entrypoint.md	HISTORICAL	review or release evidence
HISTORICAL_EVIDENCE	docs/review/canonical-timeline-diff-calculator-v0.md	docs/architecture/current/architecture-entrypoint.md	HISTORICAL	review or release evidence
HISTORICAL_EVIDENCE	docs/review/capability-catalog.md	docs/architecture/current/architecture-entrypoint.md	HISTORICAL	review or release evidence
HISTORICAL_EVIDENCE	docs/review/capability-resolution.md	docs/architecture/current/architecture-entrypoint.md	HISTORICAL	review or release evidence
HISTORICAL_EVIDENCE	docs/review/caption-template-first-template-profile-v0.md	docs/architecture/current/architecture-entrypoint.md	HISTORICAL	review or release evidence
HISTORICAL_EVIDENCE	docs/review/caption-template-mvp-readiness-review-v0.md	docs/architecture/current/architecture-entrypoint.md	HISTORICAL	review or release evidence
HISTORICAL_EVIDENCE	docs/review/caption-template-render-api-audit-contract-v0.md	docs/architecture/current/architecture-entrypoint.md	HISTORICAL	review or release evidence
HISTORICAL_EVIDENCE	docs/review/caption-template-render-api-e2e-download-contract-v0.md	docs/architecture/current/architecture-entrypoint.md	HISTORICAL	review or release evidence
HISTORICAL_EVIDENCE	docs/review/caption-template-render-e2e-smoke-v0.md	docs/architecture/current/architecture-entrypoint.md	HISTORICAL	review or release evidence
HISTORICAL_EVIDENCE	docs/review/caption-template-render-mvp-contract-v0.md	docs/architecture/current/architecture-entrypoint.md	HISTORICAL	review or release evidence
HISTORICAL_EVIDENCE	docs/review/caption-template-render-safe-delivery-contract-v0.md	docs/architecture/current/architecture-entrypoint.md	HISTORICAL	review or release evidence
HISTORICAL_EVIDENCE	docs/review/caption-template-render-timeline-adapter-v0.md	docs/architecture/current/architecture-entrypoint.md	HISTORICAL	review or release evidence
HISTORICAL_EVIDENCE	docs/review/chinese-doc-sync-assessment.md	docs/architecture/current/architecture-entrypoint.md	HISTORICAL	review or release evidence
HISTORICAL_EVIDENCE	docs/review/commerce-db-and-port.md	docs/architecture/current/architecture-entrypoint.md	HISTORICAL	review or release evidence
HISTORICAL_EVIDENCE	docs/review/composite-template-semantics-v0.md	docs/architecture/current/architecture-entrypoint.md	HISTORICAL	review or release evidence
HISTORICAL_EVIDENCE	docs/review/comprehensive-issue-report-2026-06-16.md	docs/architecture/current/architecture-entrypoint.md	HISTORICAL	review or release evidence
HISTORICAL_EVIDENCE	docs/review/constrained-render-dag-and-timeline-operation-safety-v0.md	docs/architecture/current/architecture-entrypoint.md	HISTORICAL	review or release evidence
HISTORICAL_EVIDENCE	docs/review/cuebot-grpc-job-submission-discovery-v0.md	docs/architecture/current/architecture-entrypoint.md	HISTORICAL	review or release evidence
HISTORICAL_EVIDENCE	docs/review/dag-versioning-workflow-reference-review-v0.md	docs/architecture/current/architecture-entrypoint.md	HISTORICAL	review or release evidence
HISTORICAL_EVIDENCE	docs/review/documentation-cleanup-sprint-001.md	docs/architecture/current/architecture-entrypoint.md	HISTORICAL	review or release evidence
HISTORICAL_EVIDENCE	docs/review/documentation-cleanup-sprint-002.md	docs/architecture/current/architecture-entrypoint.md	HISTORICAL	review or release evidence
HISTORICAL_EVIDENCE	docs/review/documentation-cleanup-sprint-003.md	docs/architecture/current/architecture-entrypoint.md	HISTORICAL	review or release evidence
HISTORICAL_EVIDENCE	docs/review/documentation-cleanup-sprint-004.md	docs/architecture/current/architecture-entrypoint.md	HISTORICAL	review or release evidence
HISTORICAL_EVIDENCE	docs/review/documentation-cleanup-sprint-005.md	docs/architecture/current/architecture-entrypoint.md	HISTORICAL	review or release evidence
HISTORICAL_EVIDENCE	docs/review/documentation-consolidation-plan.md	docs/architecture/current/architecture-entrypoint.md	HISTORICAL	review or release evidence
HISTORICAL_EVIDENCE	docs/review/documentation-governance-assessment.md	docs/architecture/current/architecture-entrypoint.md	HISTORICAL	review or release evidence
HISTORICAL_EVIDENCE	docs/review/documentation-structure-inventory.md	docs/architecture/current/architecture-entrypoint.md	HISTORICAL	review or release evidence
HISTORICAL_EVIDENCE	docs/review/domain-event-outbox-audit.md	docs/architecture/current/architecture-entrypoint.md	HISTORICAL	review or release evidence
HISTORICAL_EVIDENCE	docs/review/embedding-provider-plugin.md	docs/architecture/current/architecture-entrypoint.md	HISTORICAL	review or release evidence
HISTORICAL_EVIDENCE	docs/review/event-consumer-closure.md	docs/architecture/current/architecture-entrypoint.md	HISTORICAL	review or release evidence
HISTORICAL_EVIDENCE	docs/review/execution-backend-abstraction.md	docs/architecture/current/architecture-entrypoint.md	HISTORICAL	review or release evidence
HISTORICAL_EVIDENCE	docs/review/execution-pipeline-foundation.md	docs/architecture/current/architecture-entrypoint.md	HISTORICAL	review or release evidence
HISTORICAL_EVIDENCE	docs/review/execution-planner-foundation.md	docs/architecture/current/architecture-entrypoint.md	HISTORICAL	review or release evidence
HISTORICAL_EVIDENCE	docs/review/execution-planner-product-graph.md	docs/architecture/current/architecture-entrypoint.md	HISTORICAL	review or release evidence
HISTORICAL_EVIDENCE	docs/review/ffmpeg-baseline-effect-plan-v0.md	docs/architecture/current/architecture-entrypoint.md	HISTORICAL	review or release evidence
HISTORICAL_EVIDENCE	docs/review/ffmpeg-baseline-transition-plan-v0.md	docs/architecture/current/architecture-entrypoint.md	HISTORICAL	review or release evidence
HISTORICAL_EVIDENCE	docs/review/ffmpeg-libass-basic-timeline-render-plan-v0.md	docs/architecture/current/architecture-entrypoint.md	HISTORICAL	review or release evidence
HISTORICAL_EVIDENCE	docs/review/frameio-reference-analysis.md	docs/architecture/current/architecture-entrypoint.md	HISTORICAL	review or release evidence
HISTORICAL_EVIDENCE	docs/review/general-template-domain-skeleton-v0.md	docs/architecture/current/architecture-entrypoint.md	HISTORICAL	review or release evidence
HISTORICAL_EVIDENCE	docs/review/human-review-workflow.md	docs/architecture/current/architecture-entrypoint.md	HISTORICAL	review or release evidence
HISTORICAL_EVIDENCE	docs/review/issue-001-jwt-secret-hardening.md	docs/architecture/current/architecture-entrypoint.md	HISTORICAL	review or release evidence
HISTORICAL_EVIDENCE	docs/review/issue-002-stripe-verify-payment.md	docs/architecture/current/architecture-entrypoint.md	HISTORICAL	review or release evidence
HISTORICAL_EVIDENCE	docs/review/issue-003a-modularity-test-investigation.md	docs/architecture/current/architecture-entrypoint.md	HISTORICAL	review or release evidence
HISTORICAL_EVIDENCE	docs/review/issue-003b-modularity-test-reenable.md	docs/architecture/current/architecture-entrypoint.md	HISTORICAL	review or release evidence
HISTORICAL_EVIDENCE	docs/review/known-limitations.md	docs/architecture/current/architecture-entrypoint.md	HISTORICAL	review or release evidence
HISTORICAL_EVIDENCE	docs/review/legacy-render-path-deprecation-plan.md	docs/architecture/current/architecture-entrypoint.md	HISTORICAL	review or release evidence
HISTORICAL_EVIDENCE	docs/review/local-caption-overlay-smoke-v0.md	docs/architecture/current/architecture-entrypoint.md	HISTORICAL	review or release evidence
HISTORICAL_EVIDENCE	docs/review/local-compiler-integration.md	docs/architecture/current/architecture-entrypoint.md	HISTORICAL	review or release evidence
HISTORICAL_EVIDENCE	docs/review/local-docker-cuebot-rqd-runtime-smoke-v0.md	docs/architecture/current/architecture-entrypoint.md	HISTORICAL	review or release evidence
HISTORICAL_EVIDENCE	docs/review/local-docker-opencue-job-submission-smoke-v0.md	docs/architecture/current/architecture-entrypoint.md	HISTORICAL	review or release evidence
HISTORICAL_EVIDENCE	docs/review/local-docker-opencue-shared-path-smoke-v0.md	docs/architecture/current/architecture-entrypoint.md	HISTORICAL	review or release evidence
HISTORICAL_EVIDENCE	docs/review/local-execution-environment.md	docs/architecture/current/architecture-entrypoint.md	HISTORICAL	review or release evidence
HISTORICAL_EVIDENCE	docs/review/local-execution-plan-runner-v0.md	docs/architecture/current/architecture-entrypoint.md	HISTORICAL	review or release evidence
HISTORICAL_EVIDENCE	docs/review/local-explicit-render-smoke-harness-v0.md	docs/architecture/current/architecture-entrypoint.md	HISTORICAL	review or release evidence
HISTORICAL_EVIDENCE	docs/review/manual-preview-smoke-report-2026-06-17.md	docs/architecture/current/architecture-entrypoint.md	HISTORICAL	review or release evidence
HISTORICAL_EVIDENCE	docs/review/marketplace-consumer-foundation.md	docs/architecture/current/architecture-entrypoint.md	HISTORICAL	review or release evidence
HISTORICAL_EVIDENCE	docs/review/marketplace-runtime-completion.md	docs/architecture/current/architecture-entrypoint.md	HISTORICAL	review or release evidence
HISTORICAL_EVIDENCE	docs/review/marketplace-search-discovery.md	docs/architecture/current/architecture-entrypoint.md	HISTORICAL	review or release evidence
HISTORICAL_EVIDENCE	docs/review/marketplace-search-productization.md	docs/architecture/current/architecture-entrypoint.md	HISTORICAL	review or release evidence
HISTORICAL_EVIDENCE	docs/review/media-processing-foundation.md	docs/architecture/current/architecture-entrypoint.md	HISTORICAL	review or release evidence
HISTORICAL_EVIDENCE	docs/review/meter-usage-authority.md	docs/architecture/current/architecture-entrypoint.md	HISTORICAL	review or release evidence
HISTORICAL_EVIDENCE	docs/review/metering-foundation.md	docs/architecture/current/architecture-entrypoint.md	HISTORICAL	review or release evidence
HISTORICAL_EVIDENCE	docs/review/multi-provider-poc-integration-report.md	docs/architecture/current/architecture-entrypoint.md	HISTORICAL	review or release evidence
HISTORICAL_EVIDENCE	docs/review/opencue-architecture-validation.md	docs/architecture/current/architecture-entrypoint.md	HISTORICAL	review or release evidence
HISTORICAL_EVIDENCE	docs/review/opencue-environment-phase1.md	docs/architecture/current/architecture-entrypoint.md	HISTORICAL	review or release evidence
HISTORICAL_EVIDENCE	docs/review/opencue-image-selection-runtime-readiness-v0.md	docs/architecture/current/architecture-entrypoint.md	HISTORICAL	review or release evidence
HISTORICAL_EVIDENCE	docs/review/opencue-local-submit-feasibility.md	docs/architecture/current/architecture-entrypoint.md	HISTORICAL	review or release evidence
HISTORICAL_EVIDENCE	docs/review/opencue-multiframe-multilayer-validation-v0.md	docs/architecture/current/architecture-entrypoint.md	HISTORICAL	review or release evidence
HISTORICAL_EVIDENCE	docs/review/opencue-runtime-foundation.md	docs/architecture/current/architecture-entrypoint.md	HISTORICAL	review or release evidence
HISTORICAL_EVIDENCE	docs/review/openfx-capability-model-reservation.md	docs/architecture/current/architecture-entrypoint.md	HISTORICAL	review or release evidence
HISTORICAL_EVIDENCE	docs/review/otio-xmp-asset-registry-phase1-implementation.md	docs/architecture/current/architecture-entrypoint.md	HISTORICAL	review or release evidence
HISTORICAL_EVIDENCE	docs/review/otio-xmp-asset-registry-placement-decision.md	docs/architecture/current/architecture-entrypoint.md	HISTORICAL	review or release evidence
HISTORICAL_EVIDENCE	docs/review/outbox-dispatcher-registration-refactor.md	docs/architecture/current/architecture-entrypoint.md	HISTORICAL	review or release evidence
HISTORICAL_EVIDENCE	docs/review/plan-based-default-readiness-report.md	docs/architecture/current/architecture-entrypoint.md	HISTORICAL	review or release evidence
HISTORICAL_EVIDENCE	docs/review/plan-based-default-switch-v0.md	docs/architecture/current/architecture-entrypoint.md	HISTORICAL	review or release evidence
HISTORICAL_EVIDENCE	docs/review/plan-based-post-switch-stabilization.md	docs/architecture/current/architecture-entrypoint.md	HISTORICAL	review or release evidence
HISTORICAL_EVIDENCE	docs/review/platform-baseline-final-assessment.md	docs/architecture/current/architecture-entrypoint.md	HISTORICAL	review or release evidence
HISTORICAL_EVIDENCE	docs/review/platform-baseline-release-candidate.md	docs/architecture/current/architecture-entrypoint.md	HISTORICAL	review or release evidence
HISTORICAL_EVIDENCE	docs/review/platform-cleanup-and-boundary-audit.md	docs/architecture/current/architecture-entrypoint.md	HISTORICAL	review or release evidence
HISTORICAL_EVIDENCE	docs/review/platform-coordination-analysis.md	docs/architecture/current/architecture-entrypoint.md	HISTORICAL	review or release evidence
HISTORICAL_EVIDENCE	docs/review/platform-coordination-technical-decision.md	docs/architecture/current/architecture-entrypoint.md	HISTORICAL	review or release evidence
HISTORICAL_EVIDENCE	docs/review/platform-job-task-foundation.md	docs/architecture/current/architecture-entrypoint.md	HISTORICAL	review or release evidence
HISTORICAL_EVIDENCE	docs/review/plugin-package-manifest-adr-v0.md	docs/architecture/current/architecture-entrypoint.md	HISTORICAL	review or release evidence
HISTORICAL_EVIDENCE	docs/review/postgres-wakeup-layer.md	docs/architecture/current/architecture-entrypoint.md	HISTORICAL	review or release evidence
HISTORICAL_EVIDENCE	docs/review/producer-runtime-foundation.md	docs/architecture/current/architecture-entrypoint.md	HISTORICAL	review or release evidence
HISTORICAL_EVIDENCE	docs/review/producer-runtime-integration.md	docs/architecture/current/architecture-entrypoint.md	HISTORICAL	review or release evidence
HISTORICAL_EVIDENCE	docs/review/product-graph-foundation.md	docs/architecture/current/architecture-entrypoint.md	HISTORICAL	review or release evidence
HISTORICAL_EVIDENCE	docs/review/product-runtime-foundation.md	docs/architecture/current/architecture-entrypoint.md	HISTORICAL	review or release evidence
HISTORICAL_EVIDENCE	docs/review/production-blockers.md	docs/architecture/current/architecture-entrypoint.md	HISTORICAL	review or release evidence
HISTORICAL_EVIDENCE	docs/review/project-dashboard-api.md	docs/architecture/current/architecture-entrypoint.md	HISTORICAL	review or release evidence
HISTORICAL_EVIDENCE	docs/review/project-intelligence-report.md	docs/architecture/current/architecture-entrypoint.md	HISTORICAL	review or release evidence
HISTORICAL_EVIDENCE	docs/review/prompt-module-gap-report.md	docs/architecture/current/architecture-entrypoint.md	HISTORICAL	review or release evidence
HISTORICAL_EVIDENCE	docs/review/provider-binding-compile-v0.md	docs/architecture/current/architecture-entrypoint.md	HISTORICAL	review or release evidence
HISTORICAL_EVIDENCE	docs/review/provider-capability-binding-dsl-design-v0.md	docs/architecture/current/architecture-entrypoint.md	HISTORICAL	review or release evidence
HISTORICAL_EVIDENCE	docs/review/provider-execution-document-model.md	docs/architecture/current/architecture-entrypoint.md	HISTORICAL	review or release evidence
HISTORICAL_EVIDENCE	docs/review/provider-extension-runtime.md	docs/architecture/current/architecture-entrypoint.md	HISTORICAL	review or release evidence
HISTORICAL_EVIDENCE	docs/review/provider-governance.md	docs/architecture/current/architecture-entrypoint.md	HISTORICAL	review or release evidence
HISTORICAL_EVIDENCE	docs/review/real-media-source-materialization-v0.md	docs/architecture/current/architecture-entrypoint.md	HISTORICAL	review or release evidence
HISTORICAL_EVIDENCE	docs/review/real-whisper-integration.md	docs/architecture/current/architecture-entrypoint.md	HISTORICAL	review or release evidence
HISTORICAL_EVIDENCE	docs/review/reference-document-placement-audit.md	docs/architecture/current/architecture-entrypoint.md	HISTORICAL	review or release evidence
HISTORICAL_EVIDENCE	docs/review/release-candidate-readiness-2026-06-17.md	docs/architecture/current/architecture-entrypoint.md	HISTORICAL	review or release evidence
HISTORICAL_EVIDENCE	docs/review/reliable-outbox-event-publishing.md	docs/architecture/current/architecture-entrypoint.md	HISTORICAL	review or release evidence
HISTORICAL_EVIDENCE	docs/review/remotion-architecture-validation.md	docs/architecture/current/architecture-entrypoint.md	HISTORICAL	review or release evidence
HISTORICAL_EVIDENCE	docs/review/remotion-execution-document-generation-flow-v0.md	docs/architecture/current/architecture-entrypoint.md	HISTORICAL	review or release evidence
HISTORICAL_EVIDENCE	docs/review/remotion-execution-policy-sandbox-design-v0.md	docs/architecture/current/architecture-entrypoint.md	HISTORICAL	review or release evidence
HISTORICAL_EVIDENCE	docs/review/remotion-input-props-generation-v0.md	docs/architecture/current/architecture-entrypoint.md	HISTORICAL	review or release evidence
HISTORICAL_EVIDENCE	docs/review/remotion-local-execution-runner-audit-v0.md	docs/architecture/current/architecture-entrypoint.md	HISTORICAL	review or release evidence
HISTORICAL_EVIDENCE	docs/review/remotion-local-execution-runner-skeleton-v0.md	docs/architecture/current/architecture-entrypoint.md	HISTORICAL	review or release evidence
HISTORICAL_EVIDENCE	docs/review/remotion-manual-experiment-draft-production-v0.md	docs/architecture/current/architecture-entrypoint.md	HISTORICAL	review or release evidence
HISTORICAL_EVIDENCE	docs/review/remotion-plan-based-compile-integration-v0.md	docs/architecture/current/architecture-entrypoint.md	HISTORICAL	review or release evidence
HISTORICAL_EVIDENCE	docs/review/remotion-provider-poc-plan.md	docs/architecture/current/architecture-entrypoint.md	HISTORICAL	review or release evidence
HISTORICAL_EVIDENCE	docs/review/remotion-runtime-availability-detection-v0.md	docs/architecture/current/architecture-entrypoint.md	HISTORICAL	review or release evidence
HISTORICAL_EVIDENCE	docs/review/remove-branding-compatibility-aliases.md	docs/architecture/current/architecture-entrypoint.md	HISTORICAL	review or release evidence
HISTORICAL_EVIDENCE	docs/review/render-audit-event-trail-v0.md	docs/architecture/current/architecture-entrypoint.md	HISTORICAL	review or release evidence
HISTORICAL_EVIDENCE	docs/review/render-execution-plan-to-cjsl-mapping-v0.md	docs/architecture/current/architecture-entrypoint.md	HISTORICAL	review or release evidence
HISTORICAL_EVIDENCE	docs/review/render-execution-plan-v0.md	docs/architecture/current/architecture-entrypoint.md	HISTORICAL	review or release evidence
HISTORICAL_EVIDENCE	docs/review/render-observability-correlation-v0.md	docs/architecture/current/architecture-entrypoint.md	HISTORICAL	review or release evidence
HISTORICAL_EVIDENCE	docs/review/render-request-idempotency-v0.md	docs/architecture/current/architecture-entrypoint.md	HISTORICAL	review or release evidence
HISTORICAL_EVIDENCE	docs/review/render-tool-capability-inventory.md	docs/architecture/current/architecture-entrypoint.md	HISTORICAL	review or release evidence
HISTORICAL_EVIDENCE	docs/review/review-packet-template.md	docs/architecture/current/architecture-entrypoint.md	HISTORICAL	review or release evidence
HISTORICAL_EVIDENCE	docs/review/review-workspace-productization.md	docs/architecture/current/architecture-entrypoint.md	HISTORICAL	review or release evidence
HISTORICAL_EVIDENCE	docs/review/search-consumer-and-reindex-workflow.md	docs/architecture/current/architecture-entrypoint.md	HISTORICAL	review or release evidence
HISTORICAL_EVIDENCE	docs/review/search-read-model-cutover.md	docs/architecture/current/architecture-entrypoint.md	HISTORICAL	review or release evidence
HISTORICAL_EVIDENCE	docs/review/search-read-model.md	docs/architecture/current/architecture-entrypoint.md	HISTORICAL	review or release evidence
HISTORICAL_EVIDENCE	docs/review/source-of-truth-control-plane-update.md	docs/architecture/current/architecture-entrypoint.md	HISTORICAL	review or release evidence
HISTORICAL_EVIDENCE	docs/review/source-of-truth-validation-report.md	docs/architecture/current/architecture-entrypoint.md	HISTORICAL	review or release evidence
HISTORICAL_EVIDENCE	docs/review/stabilization-s1.md	docs/architecture/current/architecture-entrypoint.md	HISTORICAL	review or release evidence
HISTORICAL_EVIDENCE	docs/review/stabilization-s2.md	docs/architecture/current/architecture-entrypoint.md	HISTORICAL	review or release evidence
HISTORICAL_EVIDENCE	docs/review/staging-readiness-final-audit-2026-06-19.md	docs/architecture/current/architecture-entrypoint.md	HISTORICAL	review or release evidence
HISTORICAL_EVIDENCE	docs/review/storage-provider-validation.md	docs/architecture/current/architecture-entrypoint.md	HISTORICAL	review or release evidence
HISTORICAL_EVIDENCE	docs/review/storage-runtime-foundation.md	docs/architecture/current/architecture-entrypoint.md	HISTORICAL	review or release evidence
HISTORICAL_EVIDENCE	docs/review/task-dispatcher-runtime.md	docs/architecture/current/architecture-entrypoint.md	HISTORICAL	review or release evidence
HISTORICAL_EVIDENCE	docs/review/timeline-branch-and-commit-semantics-v0.md	docs/architecture/current/architecture-entrypoint.md	HISTORICAL	review or release evidence
HISTORICAL_EVIDENCE	docs/review/timeline-checkout-rollback-application-service-v0.md	docs/architecture/current/architecture-entrypoint.md	HISTORICAL	review or release evidence
HISTORICAL_EVIDENCE	docs/review/timeline-compile-contract-v0.md	docs/architecture/current/architecture-entrypoint.md	HISTORICAL	review or release evidence
HISTORICAL_EVIDENCE	docs/review/timeline-dag-foundation-report.md	docs/architecture/current/architecture-entrypoint.md	HISTORICAL	review or release evidence
HISTORICAL_EVIDENCE	docs/review/timeline-diff-domain-skeleton-v0.md	docs/architecture/current/architecture-entrypoint.md	HISTORICAL	review or release evidence
HISTORICAL_EVIDENCE	docs/review/timeline-git-implementation-audit.md	docs/architecture/current/architecture-entrypoint.md	HISTORICAL	review or release evidence
HISTORICAL_EVIDENCE	docs/review/timeline-git-product-readiness.md	docs/architecture/current/architecture-entrypoint.md	HISTORICAL	review or release evidence
HISTORICAL_EVIDENCE	docs/review/timeline-git-productization-analysis.md	docs/architecture/current/architecture-entrypoint.md	HISTORICAL	review or release evidence
HISTORICAL_EVIDENCE	docs/review/timeline-git-productization-sprint-004.md	docs/architecture/current/architecture-entrypoint.md	HISTORICAL	review or release evidence
HISTORICAL_EVIDENCE	docs/review/timeline-git-productization-sprint-005.md	docs/architecture/current/architecture-entrypoint.md	HISTORICAL	review or release evidence
HISTORICAL_EVIDENCE	docs/review/timeline-git-sprint-002-merge-core.md	docs/architecture/current/architecture-entrypoint.md	HISTORICAL	review or release evidence
HISTORICAL_EVIDENCE	docs/review/timeline-git-sprint-003-true-merge.md	docs/architecture/current/architecture-entrypoint.md	HISTORICAL	review or release evidence
HISTORICAL_EVIDENCE	docs/review/timeline-git-vedit-evaluation-v0.md	docs/architecture/current/architecture-entrypoint.md	HISTORICAL	review or release evidence
HISTORICAL_EVIDENCE	docs/review/timeline-git-vedit-poc-plan-v0.md	docs/architecture/current/architecture-entrypoint.md	HISTORICAL	review or release evidence
HISTORICAL_EVIDENCE	docs/review/timeline-merge-conflict-taxonomy-v0.md	docs/architecture/current/architecture-entrypoint.md	HISTORICAL	review or release evidence
HISTORICAL_EVIDENCE	docs/review/timeline-merge-preview-service-v0.md	docs/architecture/current/architecture-entrypoint.md	HISTORICAL	review or release evidence
HISTORICAL_EVIDENCE	docs/review/timeline-non-conflicting-merge-plan-v0.md	docs/architecture/current/architecture-entrypoint.md	HISTORICAL	review or release evidence
HISTORICAL_EVIDENCE	docs/review/timeline-patch-application-semantics-v0.md	docs/architecture/current/architecture-entrypoint.md	HISTORICAL	review or release evidence
HISTORICAL_EVIDENCE	docs/review/timeline-render-plan-based-switch-v0.md	docs/architecture/current/architecture-entrypoint.md	HISTORICAL	review or release evidence
HISTORICAL_EVIDENCE	docs/review/timeline-review-domain-events.md	docs/architecture/current/architecture-entrypoint.md	HISTORICAL	review or release evidence
HISTORICAL_EVIDENCE	docs/review/timeline-review-event-completion.md	docs/architecture/current/architecture-entrypoint.md	HISTORICAL	review or release evidence
HISTORICAL_EVIDENCE	docs/review/timeline-workbench-api.md	docs/architecture/current/architecture-entrypoint.md	HISTORICAL	review or release evidence
HISTORICAL_EVIDENCE	docs/review/vision-provider-plugin.md	docs/architecture/current/architecture-entrypoint.md	HISTORICAL	review or release evidence
HISTORICAL_EVIDENCE	docs/review/visual-capability-contract-effects-transitions-v0.md	docs/architecture/current/architecture-entrypoint.md	HISTORICAL	review or release evidence
HISTORICAL_EVIDENCE	docs/review/watermark-template-second-template-profile-v0.md	docs/architecture/current/architecture-entrypoint.md	HISTORICAL	review or release evidence
HISTORICAL_EVIDENCE	docs/review/whisper-e2e-validation.md	docs/architecture/current/architecture-entrypoint.md	HISTORICAL	review or release evidence
HISTORICAL_EVIDENCE	docs/review/workflow-dry-run-planner-v0.md	docs/architecture/current/architecture-entrypoint.md	HISTORICAL	review or release evidence
HISTORICAL_EVIDENCE	docs/review/workflow-semantic-model-v0.md	docs/architecture/current/architecture-entrypoint.md	HISTORICAL	review or release evidence
CURRENT_OPERATIONAL	docs/roadmap/ai-provider-ecosystem-roadmap.md	docs/documentation/documentation-index.md	CURRENT	supporting current documentation
CURRENT_OPERATIONAL	docs/roadmap/automation-plugin-platform-roadmap.md	docs/documentation/documentation-index.md	CURRENT	supporting current documentation
CURRENT_OPERATIONAL	docs/roadmap/capability-opening-roadmap.md	docs/documentation/documentation-index.md	CURRENT	supporting current documentation
CURRENT_OPERATIONAL	docs/roadmap/render-pipeline-roadmap.md	docs/documentation/documentation-index.md	CURRENT	supporting current documentation
CURRENT_OPERATIONAL	docs/roadmap/technical-debt-roadmap.md	docs/documentation/documentation-index.md	CURRENT	supporting current documentation
CURRENT_OPERATIONAL	docs/roo-execution-log.md	docs/documentation/documentation-index.md	CURRENT	supporting current documentation
CURRENT_OPERATIONAL	docs/roo-final-report.md	docs/documentation/documentation-index.md	CURRENT	supporting current documentation
CURRENT_OPERATIONAL	docs/roo-gap-report.md	docs/documentation/documentation-index.md	CURRENT	supporting current documentation
CURRENT_OPERATIONAL	docs/runbook-e2e-render-flow.md	docs/architecture/current/architecture-entrypoint.md	CURRENT	operational guidance
CURRENT_OPERATIONAL	docs/runbook-five-capabilities.md	docs/architecture/current/architecture-entrypoint.md	CURRENT	operational guidance
CURRENT_OPERATIONAL	docs/runbook-local-dev.md	docs/architecture/current/architecture-entrypoint.md	CURRENT	operational guidance
CURRENT_OPERATIONAL	docs/runbook-local-docker.md	docs/architecture/current/architecture-entrypoint.md	CURRENT	operational guidance
CURRENT_OPERATIONAL	docs/runbook-local.md	docs/architecture/current/architecture-entrypoint.md	CURRENT	operational guidance
CURRENT_OPERATIONAL	docs/runbooks/caption-template-mvp-demo-runbook.md	docs/architecture/current/architecture-entrypoint.md	CURRENT	operational guidance
CURRENT_OPERATIONAL	docs/sandbox-security.md	docs/documentation/documentation-index.md	CURRENT	supporting current documentation
CURRENT_OPERATIONAL	docs/sdkman.md	docs/documentation/documentation-index.md	CURRENT	supporting current documentation
CURRENT_OPERATIONAL	docs/secrets-and-local-env.md	docs/documentation/documentation-index.md	CURRENT	supporting current documentation
CURRENT_OPERATIONAL	docs/security-alerts.md	docs/documentation/documentation-index.md	CURRENT	supporting current documentation
CURRENT_OPERATIONAL	docs/security-and-tenancy.md	docs/documentation/documentation-index.md	CURRENT	supporting current documentation
CURRENT_OPERATIONAL	docs/skeleton-gap-priorities.md	docs/documentation/documentation-index.md	CURRENT	supporting current documentation
CURRENT_OPERATIONAL	docs/spring-boot-4-upgrade-notes.md	docs/documentation/documentation-index.md	CURRENT	supporting current documentation
CURRENT_OPERATIONAL	docs/storage/opendal-evaluation.md	docs/documentation/documentation-index.md	CURRENT	supporting current documentation
CURRENT_OPERATIONAL	docs/storage/opendal-provider-poc.md	docs/documentation/documentation-index.md	CURRENT	supporting current documentation
CURRENT_OPERATIONAL	docs/storage/opendal-rustfs-lab.md	docs/documentation/documentation-index.md	CURRENT	supporting current documentation
CURRENT_OPERATIONAL	docs/storage/storage-delivery-profile-config-binding.md	docs/documentation/documentation-index.md	CURRENT	supporting current documentation
CURRENT_OPERATIONAL	docs/storage/storage-delivery-profile-contract.md	docs/documentation/documentation-index.md	CURRENT	supporting current documentation
CURRENT_OPERATIONAL	docs/storage/storage-delivery-profile-design.md	docs/documentation/documentation-index.md	CURRENT	supporting current documentation
CURRENT_OPERATIONAL	docs/storage/storage-delivery-profile-dto.md	docs/documentation/documentation-index.md	CURRENT	supporting current documentation
CURRENT_OPERATIONAL	docs/storage/storage-delivery-profile-readonly-diagnostics.md	docs/documentation/documentation-index.md	CURRENT	supporting current documentation
CURRENT_OPERATIONAL	docs/storage/storage-delivery-profile-registry.md	docs/documentation/documentation-index.md	CURRENT	supporting current documentation
CURRENT_OPERATIONAL	docs/storage/storage-delivery-profile-validator.md	docs/documentation/documentation-index.md	CURRENT	supporting current documentation
CURRENT_OPERATIONAL	docs/storage/storage-opendal-evaluation.md	docs/documentation/documentation-index.md	CURRENT	supporting current documentation
CURRENT_OPERATIONAL	docs/storage/storage-r2-physical-check.md	docs/documentation/documentation-index.md	CURRENT	supporting current documentation
CURRENT_OPERATIONAL	docs/storage/storage-r2-preview-hardening.md	docs/documentation/documentation-index.md	CURRENT	supporting current documentation
CURRENT_OPERATIONAL	docs/storage/storage-r2-signed-access-integration.md	docs/documentation/documentation-index.md	CURRENT	supporting current documentation
CURRENT_OPERATIONAL	docs/storage/storage-r2-signed-access.md	docs/documentation/documentation-index.md	CURRENT	supporting current documentation
CURRENT_OPERATIONAL	docs/storage/storage-r2-startup-bugfix.md	docs/documentation/documentation-index.md	CURRENT	supporting current documentation
CURRENT_OPERATIONAL	docs/storage/storage-runtime-contract.md	docs/documentation/documentation-index.md	CURRENT	supporting current documentation
CURRENT_OPERATIONAL	docs/storage/storage-runtime-orphan-report.md	docs/documentation/documentation-index.md	CURRENT	supporting current documentation
CURRENT_OPERATIONAL	docs/storage/storage-runtime-physical-check.md	docs/documentation/documentation-index.md	CURRENT	supporting current documentation
CURRENT_OPERATIONAL	docs/storage/storage-runtime-provider-matrix.md	docs/documentation/documentation-index.md	CURRENT	supporting current documentation
CURRENT_OPERATIONAL	docs/storage/storage-runtime-s3-provider-boundary.md	docs/documentation/documentation-index.md	CURRENT	supporting current documentation
CURRENT_OPERATIONAL	docs/subscription-billing.md	docs/documentation/documentation-index.md	CURRENT	supporting current documentation
CURRENT_OPERATIONAL	docs/subtitle-font-upload.md	docs/documentation/documentation-index.md	CURRENT	supporting current documentation
HISTORICAL_EVIDENCE	docs/system-audit/CRITICAL_GAPS_ACTION_PLAN.md	docs/architecture/current/architecture-entrypoint.md	HISTORICAL	review or release evidence
HISTORICAL_EVIDENCE	docs/system-audit/platform-architecture-audit-2026-06-13.md	docs/architecture/current/architecture-entrypoint.md	HISTORICAL	review or release evidence
CURRENT_OPERATIONAL	docs/technical-assessment.md	docs/documentation/documentation-index.md	CURRENT	supporting current documentation
CURRENT_OPERATIONAL	docs/technical-roadmap-video-platform.md	docs/documentation/documentation-index.md	CURRENT	supporting current documentation
CURRENT_OPERATIONAL	docs/temporal-integration-plan.md	docs/documentation/documentation-index.md	CURRENT	supporting current documentation
CURRENT_OPERATIONAL	docs/timeline/timeline-diff-mvp.md	docs/documentation/documentation-index.md	CURRENT	supporting current documentation
CURRENT_OPERATIONAL	docs/timeline/timeline-git-fullstack-closeout.md	docs/documentation/documentation-index.md	CURRENT	supporting current documentation
CURRENT_OPERATIONAL	docs/timeline/timeline-git-mvp.md	docs/documentation/documentation-index.md	CURRENT	supporting current documentation
CURRENT_OPERATIONAL	docs/timeline/timeline-git-planning.md	docs/documentation/documentation-index.md	CURRENT	supporting current documentation
CURRENT_OPERATIONAL	docs/timeline/timeline-merge-classification.md	docs/documentation/documentation-index.md	CURRENT	supporting current documentation
CURRENT_OPERATIONAL	docs/timeline/timeline-merge-db-fix.md	docs/documentation/documentation-index.md	CURRENT	supporting current documentation
CURRENT_OPERATIONAL	docs/timeline/timeline-raw-media-storage-ref.md	docs/documentation/documentation-index.md	CURRENT	supporting current documentation
CURRENT_OPERATIONAL	docs/timeline/timeline-render-by-revision-adapter-fix.md	docs/documentation/documentation-index.md	CURRENT	supporting current documentation
CURRENT_OPERATIONAL	docs/timeline/timeline-render-by-revision-fix.md	docs/documentation/documentation-index.md	CURRENT	supporting current documentation
CURRENT_OPERATIONAL	docs/timeline/timeline-render-by-revision-jooq-fix.md	docs/documentation/documentation-index.md	CURRENT	supporting current documentation
CURRENT_OPERATIONAL	docs/timeline/timeline-render-by-revision-media-ref-fix.md	docs/documentation/documentation-index.md	CURRENT	supporting current documentation
CURRENT_OPERATIONAL	docs/timeline/timeline-render-by-revision.md	docs/documentation/documentation-index.md	CURRENT	supporting current documentation
CURRENT_OPERATIONAL	docs/timeline/timeline-restore-validation.md	docs/documentation/documentation-index.md	CURRENT	supporting current documentation
CURRENT_OPERATIONAL	docs/timeline/timeline-revision-api.md	docs/documentation/documentation-index.md	CURRENT	supporting current documentation
CURRENT_OPERATIONAL	docs/timeline/timeline-revision-asset-bindings.md	docs/documentation/documentation-index.md	CURRENT	supporting current documentation
CURRENT_OPERATIONAL	docs/timeline/timeline-revision-asset-product-mapping.md	docs/documentation/documentation-index.md	CURRENT	supporting current documentation
CURRENT_OPERATIONAL	docs/timeline/timeline-revision-model.md	docs/documentation/documentation-index.md	CURRENT	supporting current documentation
CURRENT_OPERATIONAL	docs/timeline/timeline-revision-provenance.md	docs/documentation/documentation-index.md	CURRENT	supporting current documentation
CURRENT_OPERATIONAL	docs/timeline/timeline-revision-raw-media-product.md	docs/documentation/documentation-index.md	CURRENT	supporting current documentation
CURRENT_OPERATIONAL	docs/timeline/timeline-semantic-diff-hardening.md	docs/documentation/documentation-index.md	CURRENT	supporting current documentation
CURRENT_OPERATIONAL	docs/timeline-model.md	docs/documentation/documentation-index.md	CURRENT	supporting current documentation
CURRENT_OPERATIONAL	docs/user-analytics-api.md	docs/documentation/documentation-index.md	CURRENT	supporting current documentation
CURRENT_OPERATIONAL	docs/user-profile-and-habits.md	docs/documentation/documentation-index.md	CURRENT	supporting current documentation
CURRENT_OPERATIONAL	docs/video-processing-tools.md	docs/documentation/documentation-index.md	CURRENT	supporting current documentation
CURRENT_OPERATIONAL	docs/workflow/workflow-foundation.md	docs/documentation/documentation-index.md	CURRENT	supporting current documentation
CURRENT_OPERATIONAL	docs/workspace-entitlement-pool.md	docs/documentation/documentation-index.md	CURRENT	supporting current documentation
CURRENT_OPERATIONAL	docs/zh/README.md	docs/documentation/documentation-index.md	CURRENT	supporting current documentation
CURRENT_OPERATIONAL	docs/zh/ai-gateway-architecture.md	docs/documentation/documentation-index.md	CURRENT	supporting current documentation
CURRENT_OPERATIONAL	docs/zh/ai-timeline-editing.md	docs/documentation/documentation-index.md	CURRENT	supporting current documentation
CURRENT_OPERATIONAL	docs/zh/architecture.md	docs/documentation/documentation-index.md	CURRENT	supporting current documentation
CURRENT_OPERATIONAL	docs/zh/asset-lifecycle-governance.md	docs/documentation/documentation-index.md	CURRENT	supporting current documentation
CURRENT_OPERATIONAL	docs/zh/authentik-oidc-resource-server.md	docs/documentation/documentation-index.md	CURRENT	supporting current documentation
CURRENT_OPERATIONAL	docs/zh/authentik-property-mapping-and-migration.md	docs/documentation/documentation-index.md	CURRENT	supporting current documentation
CURRENT_OPERATIONAL	docs/zh/commerce-catalog-and-fulfillment.md	docs/documentation/documentation-index.md	CURRENT	supporting current documentation
CURRENT_OPERATIONAL	docs/zh/delivery-subsystem.md	docs/documentation/documentation-index.md	CURRENT	supporting current documentation
CURRENT_OPERATIONAL	docs/zh/deployment.md	docs/documentation/documentation-index.md	CURRENT	supporting current documentation
CURRENT_OPERATIONAL	docs/zh/development-guidelines.md	docs/documentation/documentation-index.md	CURRENT	supporting current documentation
CURRENT_OPERATIONAL	docs/zh/dynamic-extension.md	docs/documentation/documentation-index.md	CURRENT	supporting current documentation
CURRENT_OPERATIONAL	docs/zh/faq.md	docs/documentation/documentation-index.md	CURRENT	supporting current documentation
CURRENT_OPERATIONAL	docs/zh/graceful-shutdown-and-data-consistency.md	docs/documentation/documentation-index.md	CURRENT	supporting current documentation
CURRENT_OPERATIONAL	docs/zh/incremental-rendering.md	docs/documentation/documentation-index.md	CURRENT	supporting current documentation
CURRENT_OPERATIONAL	docs/zh/module-reference.md	docs/documentation/documentation-index.md	CURRENT	supporting current documentation
CURRENT_OPERATIONAL	docs/zh/monitoring-feedback.md	docs/documentation/documentation-index.md	CURRENT	supporting current documentation
CURRENT_OPERATIONAL	docs/zh/platform-guide/01-architecture.md	docs/documentation/documentation-index.md	CURRENT	supporting current documentation
CURRENT_OPERATIONAL	docs/zh/platform-guide/02-dependencies.md	docs/documentation/documentation-index.md	CURRENT	supporting current documentation
CURRENT_OPERATIONAL	docs/zh/platform-guide/03-codebase.md	docs/documentation/documentation-index.md	CURRENT	supporting current documentation
CURRENT_OPERATIONAL	docs/zh/platform-guide/04-implementation.md	docs/documentation/documentation-index.md	CURRENT	supporting current documentation
CURRENT_OPERATIONAL	docs/zh/platform-guide/05-frontend.md	docs/documentation/documentation-index.md	CURRENT	supporting current documentation
CURRENT_OPERATIONAL	docs/zh/platform-guide/06-integration.md	docs/documentation/documentation-index.md	CURRENT	supporting current documentation
CURRENT_OPERATIONAL	docs/zh/platform-guide/07-configuration.md	docs/documentation/documentation-index.md	CURRENT	supporting current documentation
CURRENT_OPERATIONAL	docs/zh/platform-guide/08-deployment.md	docs/documentation/documentation-index.md	CURRENT	supporting current documentation
CURRENT_OPERATIONAL	docs/zh/platform-guide/09-security-ops.md	docs/documentation/documentation-index.md	CURRENT	supporting current documentation
CURRENT_OPERATIONAL	docs/zh/platform-guide/10-roadmap.md	docs/documentation/documentation-index.md	CURRENT	supporting current documentation
CURRENT_OPERATIONAL	docs/zh/platform-guide/11-doc-index.md	docs/documentation/documentation-index.md	CURRENT	supporting current documentation
CURRENT_OPERATIONAL	docs/zh/platform-guide/README.md	docs/documentation/documentation-index.md	CURRENT	supporting current documentation
CURRENT_OPERATIONAL	docs/zh/platform-guide.md	docs/documentation/documentation-index.md	CURRENT	supporting current documentation
CURRENT_OPERATIONAL	docs/zh/problematic-data.md	docs/documentation/documentation-index.md	CURRENT	supporting current documentation
CURRENT_OPERATIONAL	docs/zh/production-acceptance-checklist.md	docs/documentation/documentation-index.md	CURRENT	supporting current documentation
CURRENT_OPERATIONAL	docs/zh/prompt-platform.md	docs/documentation/documentation-index.md	CURRENT	supporting current documentation
CURRENT_OPERATIONAL	docs/zh/secrets-management.md	docs/documentation/documentation-index.md	CURRENT	supporting current documentation
CURRENT_OPERATIONAL	docs/zh/temporal-production-namespace.md	docs/documentation/documentation-index.md	CURRENT	supporting current documentation
CURRENT_OPERATIONAL	docs/zh/timeline-version-control.md	docs/documentation/documentation-index.md	CURRENT	supporting current documentation
CURRENT_OPERATIONAL	docs/zh/usage-guide.md	docs/documentation/documentation-index.md	CURRENT	supporting current documentation
CURRENT_OPERATIONAL	docs/zh/vault-and-rustfs-setup.md	docs/documentation/documentation-index.md	CURRENT	supporting current documentation
CURRENT_NORMATIVE	contracts/governance/api-style.yaml	docs/api/openapi-authority.md	CURRENT	HTTP contract or compatibility governance
CURRENT_NORMATIVE	contracts/http/media-api/openapi.base.yaml	docs/api/openapi-authority.md	CURRENT	HTTP contract or compatibility governance
CURRENT_NORMATIVE	contracts/http/media-api/openapi.breaking.yaml	docs/api/openapi-authority.md	CURRENT	HTTP contract or compatibility governance
CURRENT_NORMATIVE	contracts/http/media-api/openapi.candidate.yaml	docs/api/openapi-authority.md	CURRENT	HTTP contract or compatibility governance
CURRENT_OPERATIONAL	contracts/package-lock.json	docs/documentation/documentation-index.md	CURRENT	repository entrypoint/supporting guidance
CURRENT_OPERATIONAL	contracts/package.json	docs/documentation/documentation-index.md	CURRENT	repository entrypoint/supporting guidance
CURRENT_OPERATIONAL	policies/constructor-injection-allowlist.txt	docs/documentation/documentation-index.md	CURRENT	supporting current documentation
CURRENT_OPERATIONAL	policies/dependency-governance-policy.md	docs/documentation/documentation-index.md	CURRENT	supporting current documentation
CURRENT_OPERATIONAL	policies/observability-policy.md	docs/documentation/documentation-index.md	CURRENT	supporting current documentation
CURRENT_OPERATIONAL	policies/secret-handling-policy.md	docs/documentation/documentation-index.md	CURRENT	supporting current documentation
CURRENT_OPERATIONAL	policies/security-scanning-policy.md	docs/documentation/documentation-index.md	CURRENT	supporting current documentation
CURRENT_OPERATIONAL	policies/tooling-governance.md	docs/documentation/documentation-index.md	CURRENT	supporting current documentation
CURRENT_OPERATIONAL	README.md	docs/documentation/documentation-index.md	CURRENT	repository entrypoint/supporting guidance
CURRENT_OPERATIONAL	DEPLOY.md	docs/documentation/documentation-index.md	CURRENT	repository entrypoint/supporting guidance
CURRENT_OPERATIONAL	ARCHITECTURE_MAP_LINKS.md	docs/documentation/documentation-index.md	CURRENT	repository entrypoint/supporting guidance
